datetime,day,congestion,congestionSpeed,warningcounts,weather,temperature,windspeed,routeoption
10/01/2012 00:00,Mon,Heavy,,0.0,,,,1.0
10/02/2012 00:00,Tue,Heavy,,0.0,,,,1.0
10/03/2012 00:00,Wed,Heavy,,0.0,Clouds,288.08,4,1.0
10/04/2012 00:00,Thu,Heavy,,0.0,Clouds,289.87,5,1.0
10/05/2012 00:00,Fri,Heavy,,0.0,Rain,289.99,5,1.0
10/06/2012 00:00,Sat,Heavy,,0.0,Rain,286.49,4,1.0
10/07/2012 00:00,Sun,Heavy,,0.0,Clouds,282.05,3,1.0
10/08/2012 00:00,Mon,Heavy,,0.0,Clouds,280.71,4,1.0
10/09/2012 00:00,Tue,Heavy,,0.0,Clouds,279.11,1,1.0
10/10/2012 00:00,Wed,Heavy,,0.0,Clouds,285.45,4,1.0
10/11/2012 00:00,Thu,Heavy,,0.0,Clear,289.4,10,1.0
10/12/2012 00:00,Fri,Heavy,,0.0,Clear,280.4,1,1.0
10/13/2012 00:00,Sat,Heavy,,0.0,,,,1.0
10/14/2012 00:00,Sun,Heavy,,0.0,Clouds,280.62,3,1.0
10/15/2012 00:00,Mon,Heavy,,0.0,Mist,290.95,5,1.0
10/16/2012 00:00,Tue,Heavy,,0.0,Rain,283.46,9,1.0
10/17/2012 00:00,Wed,Heavy,,0.0,Clouds,282.39,2,1.0
10/18/2012 00:00,Thu,Heavy,,0.0,Clouds,291.65,6,1.0
10/19/2012 00:00,Fri,Heavy,,0.0,Rain,288.6,7,1.0
10/20/2012 00:00,Sat,Heavy,,0.0,Rain,280.46,4,1.0
10/21/2012 00:00,Sun,Heavy,,0.0,Rain,281.2,2,1.0
10/22/2012 00:00,Mon,Heavy,,0.0,,,,1.0
10/23/2012 00:00,Tue,Heavy,,0.0,Clouds,288.76,2,1.0
10/24/2012 00:00,Wed,Heavy,,0.0,Rain,291.24,4,1.0
10/25/2012 00:00,Thu,Heavy,,0.0,Clouds,291.07,3,1.0
10/26/2012 00:00,Fri,Heavy,,0.0,Clouds,296.23,4,1.0
10/27/2012 00:00,Sat,Heavy,,0.0,Rain,285.95,7,1.0
10/28/2012 00:00,Sun,Heavy,,0.0,Clouds,280.06,2,1.0
10/29/2012 00:00,Mon,Heavy,,0.0,Clouds,278.43,3,1.0
10/30/2012 00:00,Tue,Heavy,,0.0,Clouds,279.85,7,1.0
10/31/2012 00:00,Wed,Heavy,,0.0,Clouds,280.5,9,1.0
11/01/2012 00:00,Thu,Heavy,,0.0,Clouds,280.31,7,1.0
11/02/2012 00:00,Fri,Heavy,,0.0,Clouds,281.27,4,1.0
11/03/2012 00:00,Sat,Heavy,,0.0,Clouds,281.11,0,1.0
11/04/2012 00:00,Sun,Heavy,,0.0,Clouds,278.03,3,1.0
11/05/2012 00:00,Mon,Heavy,,0.0,Clouds,278.76,4,1.0
11/06/2012 00:00,Tue,Heavy,,0.0,Clear,279.35,4,1.0
11/07/2012 00:00,Wed,Heavy,,0.0,Clouds,277.55,4,1.0
11/08/2012 00:00,Thu,Heavy,,0.0,Rain,277.08,3,1.0
11/09/2012 00:00,Fri,Heavy,,0.0,Clouds,279.87,2,1.0
11/10/2012 00:00,Sat,Heavy,,0.0,Haze,278.01,2,1.0
11/11/2012 00:00,Sun,Heavy,,0.0,Haze,284.47,2,1.0
11/12/2012 00:00,Mon,Heavy,,0.0,Clouds,291.84,5,1.0
11/13/2012 00:00,Tue,Heavy,,0.0,Rain,286.14,6,1.0
11/14/2012 00:00,Wed,Heavy,,0.0,Snow,274.33,5,1.0
11/15/2012 00:00,Thu,Heavy,,0.0,Clear,274.25,2,1.0
11/16/2012 00:00,Fri,Heavy,,0.0,Clear,276.28,2,1.0
11/17/2012 00:00,Sat,Heavy,,0.0,Clouds,280.2,4,1.0
11/18/2012 00:00,Sun,Heavy,,0.0,,,,1.0
11/19/2012 00:00,Mon,Heavy,,0.0,Clouds,279.48,2,1.0
11/20/2012 00:00,Tue,Heavy,,0.0,Clouds,280.45,2,1.0
11/21/2012 00:00,Wed,Heavy,,0.0,Clouds,285.52,3,1.0
11/22/2012 00:00,Thu,Heavy,,0.0,Haze,281.43,1,1.0
11/23/2012 00:00,Fri,Heavy,,0.0,Mist,283.14,1,1.0
11/24/2012 00:00,Sat,Heavy,,0.0,Rain,286.7,6,1.0
11/25/2012 00:00,Sun,Heavy,,0.0,Clouds,272.01,6,1.0
11/26/2012 00:00,Mon,Heavy,,0.0,Clouds,271.39,0,1.0
11/27/2012 00:00,Tue,Heavy,,0.0,Clouds,275.33,1,1.0
11/28/2012 00:00,Wed,Heavy,,0.0,Clouds,273.87,3,1.0
11/29/2012 00:00,Thu,Heavy,,0.0,Clouds,271.71,2,1.0
11/30/2012 00:00,Fri,Heavy,,0.0,Clear,275.21,2,1.0
12/01/2012 00:00,Sat,Heavy,,0.0,Clouds,282.45,4,1.0
12/02/2012 00:00,Sun,Heavy,,0.0,Haze,279.62,4,1.0
12/03/2012 00:00,Mon,Heavy,,0.0,Clouds,287.89,5,1.0
12/04/2012 00:00,Tue,Heavy,,0.0,Mist,283.68,2,1.0
12/05/2012 00:00,Wed,Heavy,,0.0,Clouds,293.06,6,1.0
12/06/2012 00:00,Thu,Heavy,,0.0,Clear,283.95,5,1.0
12/07/2012 00:00,Fri,Heavy,,0.0,Clouds,275.07,3,1.0
12/08/2012 00:00,Sat,Heavy,,0.0,Clouds,280.18,4,1.0
12/09/2012 00:00,Sun,Heavy,,0.0,,,,1.0
12/10/2012 00:00,Mon,Heavy,,0.0,Clouds,277.56,5,1.0
12/11/2012 00:00,Tue,Heavy,,0.0,Mist,278.24,2,1.0
12/12/2012 00:00,Wed,Heavy,,0.0,Clouds,273.32,4,1.0
12/13/2012 00:00,Thu,Heavy,,0.0,Clear,272.92,2,1.0
12/14/2012 00:00,Fri,Heavy,,0.0,Clear,276.91,3,1.0
12/15/2012 00:00,Sat,Heavy,,0.0,Clouds,279.24,7,1.0
12/16/2012 00:00,Sun,Heavy,,0.0,,,,1.0
12/17/2012 00:00,Mon,Heavy,,0.0,Rain,282.57,5,1.0
12/18/2012 00:00,Tue,Heavy,,0.0,Clouds,277.36,3,1.0
12/19/2012 00:00,Wed,Heavy,,0.0,Clouds,275.89,3,1.0
12/20/2012 00:00,Thu,Heavy,,0.0,Haze,277.59,3,1.0
12/21/2012 00:00,Fri,Heavy,,0.0,Haze,277.32,3,1.0
12/22/2012 00:00,Sat,Heavy,,0.0,Snow,274.45,8,1.0
12/23/2012 00:00,Sun,Heavy,,0.0,Clouds,268.34,8,1.0
12/24/2012 00:00,Mon,Heavy,,0.0,Clouds,271.41,2,1.0
12/25/2012 00:00,Tue,Heavy,,0.0,Clouds,273.44,3,1.0
12/26/2012 00:00,Wed,Heavy,,0.0,Clouds,272.89,5,1.0
12/27/2012 00:00,Thu,Heavy,,0.0,Snow,273.02,5,1.0
12/28/2012 00:00,Fri,Heavy,,0.0,Clouds,273.29,6,1.0
12/29/2012 00:00,Sat,Heavy,,0.0,Clouds,272.46,2,1.0
12/30/2012 00:00,Sun,Heavy,,0.0,Haze,272.77,2,1.0
12/31/2012 00:00,Mon,Heavy,,0.0,Clouds,270.18,6,1.0
01/01/2013 00:00,Tue,Heavy,2.1555555555555554,0.0,Clouds,272.96,4,1.0
01/02/2013 00:00,Wed,Heavy,,0.0,Clouds,270.49,4,1.0
01/03/2013 00:00,Thu,Heavy,,0.0,Clear,264.74,4,1.0
01/04/2013 00:00,Fri,Heavy,,0.0,Clear,268.72,6,1.0
01/05/2013 00:00,Sat,Heavy,,0.0,Clouds,270.38,6,1.0
01/06/2013 00:00,Sun,Heavy,,0.0,Clear,273.2,5,1.0
01/07/2013 00:00,Mon,Heavy,,0.0,Snow,274.66,4,1.0
01/08/2013 00:00,Tue,Heavy,,0.0,Clouds,270.97,4,1.0
01/09/2013 00:00,Wed,Heavy,,0.0,Clouds,274.33,6,1.0
01/10/2013 00:00,Thu,Heavy,,0.0,Clouds,276.51,5,1.0
01/11/2013 00:00,Fri,Heavy,,0.0,Clouds,276.91,5,1.0
01/12/2013 00:00,Sat,Heavy,,0.0,Rain,276.68,5,1.0
01/13/2013 00:00,Sun,Heavy,,0.0,Clouds,284.38,7,1.0
01/14/2013 00:00,Mon,Heavy,,0.0,,,,1.0
01/15/2013 00:00,Tue,Heavy,,0.0,Clouds,266.57,5,1.0
01/16/2013 00:00,Wed,Heavy,2.0833333333333335,0.0,Clear,267.75,2,1.0
01/17/2013 00:00,Thu,Heavy,2.4166666666666665,0.0,Clouds,270.09,1,1.0
01/18/2013 00:00,Fri,Heavy,1.703703703703704,0.0,Clouds,274.68,6,1.0
01/19/2013 00:00,Sat,Heavy,2.177777777777778,0.0,Clear,269.18,3,1.0
01/20/2013 00:00,Sun,Heavy,1.822222222222222,0.0,Clear,277.0,4,1.0
01/21/2013 00:00,Mon,Heavy,2.4000000000000004,0.0,Clouds,280.38,7,1.0
01/22/2013 00:00,Tue,Heavy,2.2,0.0,,,,1.0
01/23/2013 00:00,Wed,Heavy,1.8888888888888888,0.0,,,,1.0
01/24/2013 00:00,Thu,Heavy,1.9555555555555557,0.0,Clear,261.25,0,1.0
01/25/2013 00:00,Fri,Heavy,1.6888888888888889,0.0,,,,1.0
01/26/2013 00:00,Sat,Heavy,1.9555555555555557,0.0,,,,1.0
01/27/2013 00:00,Sun,Heavy,2.25,0.0,,,,1.0
01/28/2013 00:00,Mon,Heavy,2.6666666666666665,0.0,,,,1.0
01/29/2013 00:00,Tue,Heavy,1.7777777777777777,0.0,,,,1.0
01/30/2013 00:00,Wed,Heavy,1.6666666666666667,0.0,,,,1.0
01/31/2013 00:00,Thu,Heavy,1.8611111111111112,0.0,Rain,285.72,3,1.0
02/01/2013 00:00,Fri,Heavy,,0.0,Clouds,266.74,11,1.0
02/02/2013 00:00,Sat,Heavy,,0.0,Clouds,261.03,10,1.0
02/03/2013 00:00,Sun,Heavy,,0.0,Clouds,260.57,8,1.0
02/04/2013 00:00,Mon,Heavy,,0.0,Clouds,265.02,5,1.0
02/05/2013 00:00,Tue,Heavy,,0.0,Clouds,264.96,6,1.0
02/06/2013 00:00,Wed,Heavy,,0.0,Clouds,268.98,5,1.0
02/07/2013 00:00,Thu,Heavy,,0.0,,,,1.0
02/08/2013 00:00,Fri,Heavy,,0.0,Clouds,275.44,4,1.0
02/09/2013 00:00,Sat,Heavy,,0.0,Snow,274.28,2,1.0
02/10/2013 00:00,Sun,Heavy,,0.0,Clouds,270.86,5,1.0
02/11/2013 00:00,Mon,Heavy,1.7555555555555555,0.0,,,,1.0
02/12/2013 00:00,Tue,Heavy,1.9166666666666667,0.0,,,,1.0
02/13/2013 00:00,Wed,Heavy,1.7999999999999998,0.0,Clouds,274.15,5,1.0
02/14/2013 00:00,Thu,Heavy,1.7777777777777777,0.0,Clouds,273.09,5,1.0
02/15/2013 00:00,Fri,Heavy,1.6666666666666667,0.0,Clouds,276.87,3,1.0
02/16/2013 00:00,Sat,Heavy,2.066666666666667,0.0,Clouds,275.57,5,1.0
02/17/2013 00:00,Sun,Heavy,2.2222222222222223,0.0,Clouds,270.74,5,1.0
02/18/2013 00:00,Mon,Heavy,2.066666666666667,0.0,Clouds,264.85,6,1.0
02/19/2013 00:00,Tue,Heavy,1.6388888888888888,0.0,Clouds,270.85,3,1.0
02/20/2013 00:00,Wed,Heavy,1.7407407407407405,0.0,,,,1.0
02/21/2013 00:00,Thu,Heavy,1.8666666666666667,0.0,,,,1.0
02/22/2013 00:00,Fri,Heavy,1.7555555555555555,0.0,Clouds,267.1,4,1.0
02/23/2013 00:00,Sat,Heavy,1.9166666666666667,0.0,Clouds,270.68,6,1.0
02/24/2013 00:00,Sun,Heavy,2.0555555555555554,0.0,Clouds,272.54,6,1.0
02/25/2013 00:00,Mon,Heavy,1.7777777777777777,0.0,Clouds,269.84,4,1.0
02/26/2013 00:00,Tue,Heavy,1.7333333333333334,0.0,Clouds,273.96,2,1.0
02/27/2013 00:00,Wed,Heavy,1.9722222222222223,0.0,Clouds,275.39,4,1.0
02/28/2013 00:00,Thu,Heavy,1.8444444444444446,0.0,Snow,273.74,7,1.0
03/01/2013 00:00,Fri,Heavy,,0.0,Snow,273.96,4,1.0
03/02/2013 00:00,Sat,Heavy,,0.0,Snow,272.61,7,1.0
03/03/2013 00:00,Sun,Heavy,,0.0,Snow,270.38,6,1.0
03/04/2013 00:00,Mon,Heavy,,0.0,Clouds,270.4,4,1.0
03/05/2013 00:00,Tue,Heavy,,0.0,Clouds,270.53,3,1.0
03/06/2013 00:00,Wed,Heavy,,0.0,,,,1.0
03/07/2013 00:00,Thu,Heavy,,0.0,Snow,271.79,4,1.0
03/08/2013 00:00,Fri,Heavy,,0.0,Clouds,273.33,3,1.0
03/09/2013 00:00,Sat,Heavy,,0.0,Clouds,273.89,3,1.0
03/10/2013 00:00,Sun,Heavy,,0.0,Clouds,275.92,2,1.0
03/11/2013 00:00,Mon,Heavy,,0.0,Clouds,278.92,5,1.0
03/12/2013 00:00,Tue,Heavy,,0.0,Rain,281.21,4,1.0
03/13/2013 00:00,Wed,Heavy,,0.0,,,,1.0
03/14/2013 00:00,Thu,Heavy,,0.0,Snow,273.94,9,1.0
03/15/2013 00:00,Fri,Heavy,,0.0,Clouds,272.69,0,1.0
03/16/2013 00:00,Sat,Heavy,,0.0,Clouds,274.69,1,1.0
03/17/2013 00:00,Sun,Heavy,,0.0,Mist,275.08,4,1.0
03/18/2013 00:00,Mon,Heavy,,0.0,Clouds,272.58,1,1.0
03/19/2013 00:00,Tue,Heavy,,0.0,Clouds,273.47,3,1.0
03/20/2013 00:00,Wed,Heavy,,0.0,Rain,273.68,8,1.0
03/21/2013 00:00,Thu,Heavy,,0.0,Clear,272.52,4,1.0
03/22/2013 00:00,Fri,Heavy,,0.0,Clouds,267.29,6,1.0
03/23/2013 00:00,Sat,Heavy,,0.0,Clear,272.8,2,1.0
03/24/2013 00:00,Sun,Heavy,,0.0,Clear,274.73,1,1.0
03/25/2013 00:00,Mon,Heavy,,0.0,Clouds,274.64,2,1.0
03/26/2013 00:00,Tue,Heavy,,0.0,Clouds,274.21,6,1.0
03/27/2013 00:00,Wed,Heavy,,0.0,Snow,274.01,5,1.0
03/28/2013 00:00,Thu,Heavy,,0.0,Clouds,276.85,0,1.0
03/29/2013 00:00,Fri,Heavy,,0.0,Clouds,277.9,0,1.0
03/30/2013 00:00,Sat,Heavy,,0.0,Clouds,280.06,1,1.0
03/31/2013 00:00,Sun,Heavy,,0.0,Clear,281.79,1,1.0
04/01/2013 00:00,Mon,Heavy,,0.0,Clouds,286.02,5,1.0
04/02/2013 00:00,Tue,Heavy,,0.0,Clouds,280.79,10,1.0
04/03/2013 00:00,Wed,Heavy,,0.0,Clear,276.32,3,1.0
04/04/2013 00:00,Thu,Heavy,,0.0,Clouds,277.84,0,1.0
04/05/2013 00:00,Fri,Heavy,,0.0,Clouds,276.73,0,1.0
04/06/2013 00:00,Sat,Heavy,,0.0,Clouds,286.92,1,1.0
04/07/2013 00:00,Sun,Heavy,,0.0,Clouds,277.13,2,1.0
04/08/2013 00:00,Mon,Heavy,,0.0,Clouds,291.53,5,1.0
04/09/2013 00:00,Tue,Heavy,,0.0,Clouds,280.02,1,1.0
04/10/2013 00:00,Wed,Heavy,,0.0,Clouds,289.9,0,1.0
04/11/2013 00:00,Thu,Heavy,,0.0,Haze,279.75,7,1.0
04/12/2013 00:00,Fri,Heavy,,0.0,Mist,277.46,5,1.0
04/13/2013 00:00,Sat,Heavy,,0.0,Mist,281.41,2,1.0
04/14/2013 00:00,Sun,Heavy,,0.0,Clouds,277.56,6,1.0
04/15/2013 00:00,Mon,Heavy,,0.0,Clouds,279.97,4,1.0
04/16/2013 00:00,Tue,Heavy,,0.0,Clouds,292.2,4,1.0
04/17/2013 00:00,Wed,Heavy,,0.0,Rain,284.6,2,1.0
04/18/2013 00:00,Thu,Heavy,,0.0,Clouds,279.19,4,1.0
04/19/2013 00:00,Fri,Heavy,,0.0,Rain,280.42,2,1.0
04/20/2013 00:00,Sat,Heavy,,0.0,Clouds,290.1,7,1.0
04/21/2013 00:00,Sun,Heavy,,0.0,Clear,276.19,3,1.0
04/22/2013 00:00,Mon,Heavy,,0.0,Clear,277.74,1,1.0
04/23/2013 00:00,Tue,Heavy,,0.0,Clouds,284.18,6,1.0
04/24/2013 00:00,Wed,Heavy,,0.0,Clouds,289.09,3,1.0
04/25/2013 00:00,Thu,Heavy,,0.0,Rain,277.94,5,1.0
04/26/2013 00:00,Fri,Heavy,,0.0,Clouds,282.47,5,1.0
04/27/2013 00:00,Sat,Heavy,,0.0,Clouds,282.98,5,1.0
04/28/2013 00:00,Sun,Heavy,,0.0,Clear,291.03,5,1.0
04/29/2013 00:00,Mon,Heavy,,0.0,Clouds,289.91,2,1.0
04/30/2013 00:00,Tue,Heavy,,0.0,Clear,287.99,2,1.0
05/01/2013 00:00,Wed,Heavy,,0.0,Clouds,295.06,5,1.0
05/02/2013 00:00,Thu,Heavy,,0.0,Clear,301.11,5,1.0
05/03/2013 00:00,Fri,Heavy,,0.0,Clouds,299.59,3,1.0
05/04/2013 00:00,Sat,Heavy,,0.0,Clouds,282.07,7,1.0
05/05/2013 00:00,Sun,Heavy,,0.0,Clouds,280.13,4,1.0
05/06/2013 00:00,Mon,Heavy,,0.0,Clouds,290.15,1,1.0
05/07/2013 00:00,Tue,Heavy,,0.0,Clouds,289.61,0,1.0
05/08/2013 00:00,Wed,Heavy,,0.0,Clouds,290.5,1,1.0
05/09/2013 00:00,Thu,Heavy,,0.0,Clouds,293.98,0,1.0
05/10/2013 00:00,Fri,Heavy,,0.0,Clouds,294.61,0,1.0
05/11/2013 00:00,Sat,Heavy,,0.0,Clouds,291.17,1,1.0
05/12/2013 00:00,Sun,Heavy,,0.0,Clouds,280.25,7,1.0
05/13/2013 00:00,Mon,Heavy,,0.0,Clear,284.09,5,1.0
05/14/2013 00:00,Tue,Heavy,,0.0,Clouds,281.97,2,1.0
05/15/2013 00:00,Wed,Heavy,,0.0,Clouds,285.19,2,1.0
05/16/2013 00:00,Thu,Heavy,,0.0,Clouds,300.38,5,1.0
05/17/2013 00:00,Fri,Heavy,,0.0,Clouds,296.03,0,1.0
05/18/2013 00:00,Sat,Heavy,,0.0,Clouds,292.56,0,1.0
05/19/2013 00:00,Sun,Heavy,,0.0,Clouds,289.6,2,1.0
05/20/2013 00:00,Mon,Heavy,,0.0,Clouds,295.49,2,1.0
05/21/2013 00:00,Tue,Heavy,,0.0,Clouds,300.08,0,1.0
05/22/2013 00:00,Wed,Heavy,,0.0,Clouds,303.29,2,1.0
05/23/2013 00:00,Thu,Heavy,,0.0,Clouds,299.03,3,1.0
05/24/2013 00:00,Fri,Heavy,,0.0,Clear,293.99,2,1.0
05/25/2013 00:00,Sat,Heavy,,0.0,Clear,282.44,1,1.0
05/26/2013 00:00,Sun,Heavy,,0.0,Clear,284.74,0,1.0
05/27/2013 00:00,Mon,Heavy,,0.0,Clouds,285.49,1,1.0
05/28/2013 00:00,Tue,Heavy,,0.0,Clouds,288.77,1,1.0
05/29/2013 00:00,Wed,Heavy,,0.0,Clouds,288.04,5,1.0
05/30/2013 00:00,Thu,Heavy,,0.0,Clouds,296.67,2,1.0
05/31/2013 00:00,Fri,Heavy,,0.0,Clouds,300.46,2,1.0
06/01/2013 00:00,Sat,Heavy,,0.0,Clouds,298.88,3,1.0
06/02/2013 00:00,Sun,Heavy,,0.0,Clouds,296.58,1,1.0
06/03/2013 00:00,Mon,Heavy,,0.0,Rain,292.05,4,1.0
06/04/2013 00:00,Tue,Heavy,,0.0,Clear,283.11,1,1.0
06/05/2013 00:00,Wed,Heavy,,0.0,Clear,290.27,2,1.0
06/06/2013 00:00,Thu,Heavy,,0.0,Clouds,291.0,5,1.0
06/07/2013 00:00,Fri,Heavy,,0.0,Clouds,289.53,0,1.0
06/08/2013 00:00,Sat,Heavy,,0.0,Clouds,287.96,4,1.0
06/09/2013 00:00,Sun,Heavy,,0.0,Clear,291.27,2,1.0
06/10/2013 00:00,Mon,Heavy,,0.0,Clear,293.11,1,1.0
06/11/2013 00:00,Tue,Heavy,,0.0,Clouds,297.56,2,1.0
06/12/2013 00:00,Wed,Heavy,,0.0,Fog,294.11,2,1.0
06/13/2013 00:00,Thu,Heavy,,0.0,Rain,299.82,1,1.0
06/14/2013 00:00,Fri,Heavy,,0.0,Rain,294.25,1,1.0
06/15/2013 00:00,Sat,Heavy,,0.0,Clear,290.54,3,1.0
06/16/2013 00:00,Sun,Heavy,,0.0,Clouds,291.07,3,1.0
06/17/2013 00:00,Mon,Heavy,,0.0,Rain,297.42,1,1.0
06/18/2013 00:00,Tue,Heavy,,0.0,Rain,301.13,3,1.0
06/19/2013 00:00,Wed,Heavy,,0.0,Rain,297.88,2,1.0
06/20/2013 00:00,Thu,Heavy,,0.0,,,,1.0
06/21/2013 00:00,Fri,Heavy,,0.0,,,,1.0
06/22/2013 00:00,Sat,Heavy,,0.0,,,,1.0
06/23/2013 00:00,Sun,Heavy,,0.0,Clear,295.87,5,1.0
06/24/2013 00:00,Mon,Heavy,,0.0,,,,1.0
06/25/2013 00:00,Tue,Heavy,,0.0,Rain,297.55,4,1.0
06/26/2013 00:00,Wed,Heavy,,0.0,Rain,293.65,2,1.0
06/27/2013 00:00,Thu,Heavy,,0.0,Rain,297.61,1,1.0
06/28/2013 00:00,Fri,Heavy,,0.0,Rain,296.18,3,1.0
06/29/2013 00:00,Sat,Heavy,,0.0,Rain,297.13,2,1.0
06/30/2013 00:00,Sun,Heavy,,0.0,Rain,297.19,1,1.0
07/01/2013 00:00,Mon,Heavy,,0.0,Clouds,291.48,5,1.0
07/02/2013 00:00,Tue,Heavy,,0.0,Clear,292.874,7,1.0
07/03/2013 00:00,Wed,Heavy,,0.0,Clouds,293.223,7,1.0
07/04/2013 00:00,Thu,Heavy,,0.0,Clouds,290.763,6,1.0
07/05/2013 00:00,Fri,Heavy,,0.0,Clouds,292.909,1,1.0
07/06/2013 00:00,Sat,Heavy,,0.0,Clouds,299.5,1,1.0
07/07/2013 00:00,Sun,Heavy,,0.0,Clouds,299.55,0,1.0
07/08/2013 00:00,Mon,Heavy,,0.0,Clouds,299.17,2,1.0
07/09/2013 00:00,Tue,Heavy,,0.0,Clear,303.16,1,1.0
07/10/2013 00:00,Wed,Heavy,,0.0,Rain,302.59,0,1.0
07/11/2013 00:00,Thu,Heavy,,0.0,Clouds,301.82,1,1.0
07/12/2013 00:00,Fri,Heavy,,0.0,Clear,296.68,1,1.0
07/13/2013 00:00,Sat,Heavy,,0.0,Clear,296.33,2,1.0
07/14/2013 00:00,Sun,Heavy,,0.0,Clear,297.66,2,1.0
07/15/2013 00:00,Mon,Heavy,,0.0,Clear,298.22,0,1.0
07/16/2013 00:00,Tue,Heavy,,0.0,Clear,300.58,1,1.0
07/17/2013 00:00,Wed,Heavy,,0.0,Clouds,301.15,2,1.0
07/18/2013 00:00,Thu,Heavy,,0.0,,,,1.0
07/19/2013 00:00,Fri,Heavy,,0.0,Clouds,305.37,1,1.0
07/20/2013 00:00,Sat,Heavy,,0.0,Rain,303.64,1,1.0
07/21/2013 00:00,Sun,Heavy,,0.0,Clouds,305.8,5,1.0
07/22/2013 00:00,Mon,Heavy,,0.0,Clear,299.16,3,1.0
07/23/2013 00:00,Tue,Heavy,,0.0,Rain,296.97,1,1.0
07/24/2013 00:00,Wed,Heavy,,0.0,Clouds,302.14,1,1.0
07/25/2013 00:00,Thu,Heavy,,0.0,Clear,293.49,5,1.0
07/26/2013 00:00,Fri,Heavy,,0.0,Clear,293.05,1,1.0
07/27/2013 00:00,Sat,Heavy,,0.0,Clear,296.94,1,1.0
07/28/2013 00:00,Sun,Heavy,,0.0,Rain,294.03,0,1.0
07/29/2013 00:00,Mon,Heavy,,0.0,Clouds,289.6,0,1.0
07/30/2013 00:00,Tue,Heavy,,0.0,Clear,292.92,2,1.0
07/31/2013 00:00,Wed,Heavy,,0.0,Clear,292.42,3,1.0
08/01/2013 00:00,Thu,Heavy,,0.0,Rain,294.24,2,1.0
08/02/2013 00:00,Fri,Heavy,,0.0,Clouds,296.132,1,1.0
08/03/2013 00:00,Sat,Heavy,,0.0,Clear,297.59,4,1.0
08/04/2013 00:00,Sun,Heavy,,0.0,Clouds,298.62,5,1.0
08/05/2013 00:00,Mon,Heavy,,0.0,Clear,295.59,1,1.0
08/06/2013 00:00,Tue,Heavy,,0.0,Clear,293.26,3,1.0
08/07/2013 00:00,Wed,Heavy,,0.0,Clouds,293.85,3,1.0
08/08/2013 00:00,Thu,Heavy,,0.0,Rain,300.17,0,1.0
08/09/2013 00:00,Fri,Heavy,,0.0,Clear,296.44,6,1.0
08/10/2013 00:00,Sat,Heavy,,0.0,Clouds,294.62,3,1.0
08/11/2013 00:00,Sun,Heavy,,0.0,Clouds,299.29,0,1.0
08/12/2013 00:00,Mon,Heavy,,0.0,Clear,296.25,2,1.0
08/13/2013 00:00,Tue,Heavy,,0.0,Rain,295.91,1,1.0
08/14/2013 00:00,Wed,Heavy,,0.0,Rain,295.95,1,1.0
08/15/2013 00:00,Thu,Heavy,,0.0,Clear,292.12,2,1.0
08/16/2013 00:00,Fri,Heavy,,0.0,Clear,293.681,1,1.0
08/17/2013 00:00,Sat,Heavy,,0.0,Clouds,295.697,1,1.0
08/18/2013 00:00,Sun,Heavy,,0.0,Clear,296.63599999999997,2,1.0
08/19/2013 00:00,Mon,Heavy,,0.0,Clear,296.7,3,1.0
08/20/2013 00:00,Tue,Heavy,,0.0,Clear,296.79,0,1.0
08/21/2013 00:00,Wed,Heavy,,0.0,Clear,299.35,2,1.0
08/22/2013 00:00,Thu,Heavy,,0.0,Clouds,301.93,1,1.0
08/23/2013 00:00,Fri,Heavy,,0.0,Clear,302.59,2,1.0
08/24/2013 00:00,Sat,Heavy,,0.0,Clouds,295.92,3,1.0
08/25/2013 00:00,Sun,Heavy,,0.0,,,,1.0
08/26/2013 00:00,Mon,Heavy,,0.0,Clouds,299.2,0,1.0
08/27/2013 00:00,Tue,Heavy,,0.0,Clear,301.91,2,1.0
08/28/2013 00:00,Wed,Heavy,,0.0,,,,1.0
08/29/2013 00:00,Thu,Heavy,,0.0,,,,1.0
08/30/2013 00:00,Fri,Heavy,,0.0,Clear,296.16,2,1.0
08/31/2013 00:00,Sat,Heavy,,0.0,Clear,299.76,2,1.0
09/01/2013 00:00,Sun,Heavy,,0.0,,,,1.0
09/02/2013 00:00,Mon,Heavy,,0.0,,,,1.0
09/03/2013 00:00,Tue,Heavy,,0.0,Clear,292.88,1,1.0
09/04/2013 00:00,Wed,Heavy,,0.0,,,,1.0
09/05/2013 00:00,Thu,Heavy,,0.0,Clouds,297.93,2,1.0
09/06/2013 00:00,Fri,Heavy,,0.0,,,,1.0
09/07/2013 00:00,Sat,Heavy,,0.0,Clear,298.752,3,1.0
09/08/2013 00:00,Sun,Heavy,,0.0,,,,1.0
09/09/2013 00:00,Mon,Heavy,,0.0,Clear,296.16,2,1.0
09/10/2013 00:00,Tue,Heavy,,0.0,Clouds,305.37,3,1.0
09/11/2013 00:00,Wed,Heavy,,0.0,,,,1.0
09/12/2013 00:00,Thu,Heavy,,0.0,Rain,298.194,0,1.0
09/13/2013 00:00,Fri,Heavy,,0.0,,,,1.0
09/14/2013 00:00,Sat,Heavy,,0.0,Clear,290.349,5,1.0
09/15/2013 00:00,Sun,Heavy,,0.0,Clouds,293.255,2,1.0
09/16/2013 00:00,Mon,Heavy,,0.0,Clouds,287.15,3,1.0
09/17/2013 00:00,Tue,Heavy,,0.0,,,,1.0
09/18/2013 00:00,Wed,Heavy,,0.0,,,,1.0
09/19/2013 00:00,Thu,Heavy,,0.0,,,,1.0
09/20/2013 00:00,Fri,Heavy,,0.0,,,,1.0
09/21/2013 00:00,Sat,Heavy,,0.0,,,,1.0
09/22/2013 00:00,Sun,Heavy,,0.0,,,,1.0
09/23/2013 00:00,Mon,Heavy,,0.0,,,,1.0
09/24/2013 00:00,Tue,Heavy,,0.0,,,,1.0
09/25/2013 00:00,Wed,Heavy,,0.0,,,,1.0
09/26/2013 00:00,Thu,Heavy,,0.0,,,,1.0
09/27/2013 00:00,Fri,Heavy,,0.0,,,,1.0
09/28/2013 00:00,Sat,Heavy,,0.0,Clouds,294.48,0,1.0
09/29/2013 00:00,Sun,Heavy,,0.0,Clouds,299.995,6,1.0
09/30/2013 00:00,Mon,Heavy,,0.0,Clear,291.374,1,1.0
10/01/2013 00:00,Tue,Heavy,,0.0,,,,1.0
10/02/2013 00:00,Wed,Heavy,,0.0,,,,1.0
10/03/2013 00:00,Thu,Heavy,,0.0,,,,1.0
10/04/2013 00:00,Fri,Heavy,,0.0,Clouds,295.11,4,1.0
10/05/2013 00:00,Sat,Heavy,,0.0,Mist,293.22,3,1.0
10/06/2013 00:00,Sun,Heavy,,0.0,,,,1.0
10/07/2013 00:00,Mon,Heavy,,0.0,Clear,286.802,6,1.0
10/08/2013 00:00,Tue,Heavy,,0.0,Clear,288.09,3,1.0
10/09/2013 00:00,Wed,Heavy,,0.0,Clear,290.819,5,1.0
10/10/2013 00:00,Thu,Heavy,,0.0,Clear,289.94,3,1.0
10/11/2013 00:00,Fri,Heavy,,0.0,Clear,289.685,3,1.0
10/12/2013 00:00,Sat,Heavy,,0.0,,,,1.0
10/13/2013 00:00,Sun,Heavy,,0.0,,,,1.0
10/14/2013 00:00,Mon,Heavy,,0.0,,,,1.0
10/15/2013 00:00,Tue,Heavy,,0.0,Clouds,286.22,0,1.0
10/16/2013 00:00,Wed,Heavy,,0.0,,,,1.0
10/17/2013 00:00,Thu,Heavy,,0.0,,,,1.0
10/18/2013 00:00,Fri,Heavy,,0.0,Clouds,281.94,4,1.0
10/19/2013 00:00,Sat,Heavy,,0.0,,,,1.0
10/20/2013 00:00,Sun,Heavy,,0.0,Rain,281.45,0,1.0
10/21/2013 00:00,Mon,Heavy,,0.0,,,,1.0
10/22/2013 00:00,Tue,Heavy,,0.0,Clouds,285.193,3,1.0
10/23/2013 00:00,Wed,Heavy,,0.0,,,,1.0
10/24/2013 00:00,Thu,Heavy,,0.0,,,,1.0
10/25/2013 00:00,Fri,Heavy,,0.0,,,,1.0
10/26/2013 00:00,Sat,Heavy,,0.0,,,,1.0
10/27/2013 00:00,Sun,Heavy,,0.0,,,,1.0
10/28/2013 00:00,Mon,Heavy,,0.0,,,,1.0
10/29/2013 00:00,Tue,Heavy,,0.0,,,,1.0
10/30/2013 00:00,Wed,Heavy,,0.0,,,,1.0
10/31/2013 00:00,Thu,Heavy,,0.0,,,,1.0
11/01/2013 00:00,Fri,Heavy,,0.0,,,,1.0
11/02/2013 00:00,Sat,Heavy,,0.0,,,,1.0
11/03/2013 00:00,Sun,Heavy,,0.0,,,,1.0
11/04/2013 00:00,Mon,Heavy,,0.0,,,,1.0
11/05/2013 00:00,Tue,Heavy,,0.0,,,,1.0
11/06/2013 00:00,Wed,Heavy,,0.0,,,,1.0
11/07/2013 00:00,Thu,Heavy,,0.0,Clouds,278.87,0,1.0
11/08/2013 00:00,Fri,Heavy,,0.0,Clouds,276.03,3,1.0
11/09/2013 00:00,Sat,Heavy,,0.0,,,,1.0
11/10/2013 00:00,Sun,Heavy,,0.0,Clouds,283.93,4,1.0
11/11/2013 00:00,Mon,Heavy,,0.0,Clouds,278.63,3,1.0
11/12/2013 00:00,Tue,Heavy,,0.0,Clouds,271.04,4,1.0
11/13/2013 00:00,Wed,Heavy,,0.0,Clouds,270.93,1,1.0
11/14/2013 00:00,Thu,Heavy,,0.0,Clouds,275.4,5,1.0
11/15/2013 00:00,Fri,Heavy,,0.0,Clouds,281.73,3,1.0
11/16/2013 00:00,Sat,Heavy,,0.0,Clouds,285.193,3,1.0
11/17/2013 00:00,Sun,Heavy,,0.0,Rain,286.9,5,1.0
11/18/2013 00:00,Mon,Heavy,,0.0,,,,1.0
11/19/2013 00:00,Tue,Heavy,,0.0,Clouds,276.25,1,1.0
11/20/2013 00:00,Wed,Heavy,,0.0,Clouds,285.193,3,1.0
11/21/2013 00:00,Thu,Heavy,,0.0,Clouds,285.193,3,1.0
11/22/2013 00:00,Fri,Heavy,,0.0,Mist,281.15,1,1.0
11/23/2013 00:00,Sat,Heavy,,0.0,Clouds,285.193,3,1.0
11/24/2013 00:00,Sun,Heavy,,0.0,Clouds,285.193,3,1.0
11/25/2013 00:00,Mon,Heavy,,0.0,Clouds,285.193,3,1.0
11/26/2013 00:00,Tue,Heavy,,0.0,Clouds,273.09,3,1.0
11/27/2013 00:00,Wed,Heavy,,0.0,Clouds,270.93,2,1.0
11/28/2013 00:00,Thu,Heavy,,0.0,Clouds,269.51,2,1.0
11/29/2013 00:00,Fri,Heavy,,0.0,Clouds,271.27,1,1.0
11/30/2013 00:00,Sat,Heavy,,0.0,Clouds,274.34,3,1.0
12/01/2013 00:00,Sun,Heavy,,0.0,Clouds,279.81,3,1.0
12/02/2013 00:00,Mon,Heavy,,0.0,Clouds,274.97,3,1.0
12/03/2013 00:00,Tue,Heavy,,0.0,Clouds,277.36,2,1.0
12/04/2013 00:00,Wed,Heavy,,0.0,Rain,282.79,3,1.0
12/05/2013 00:00,Thu,Heavy,,0.0,Mist,286.22,4,1.0
12/06/2013 00:00,Fri,Heavy,,0.0,Clouds,268.94,4,1.0
12/07/2013 00:00,Sat,Heavy,,0.0,,,,1.0
12/08/2013 00:00,Sun,Heavy,,0.0,,,,1.0
12/09/2013 00:00,Mon,Heavy,,0.0,,,,1.0
12/10/2013 00:00,Tue,Heavy,,0.0,,,,1.0
12/11/2013 00:00,Wed,Heavy,,0.0,,,,1.0
12/12/2013 00:00,Thu,Heavy,,0.0,Clouds,259.68,1,1.0
12/13/2013 00:00,Fri,Heavy,,0.0,Clouds,285.193,3,1.0
12/14/2013 00:00,Sat,Heavy,,0.0,Clouds,272.15,2,1.0
12/15/2013 00:00,Sun,Heavy,,0.0,,,,1.0
12/16/2013 00:00,Mon,Heavy,,0.0,Clouds,285.193,3,1.0
12/17/2013 00:00,Tue,Heavy,,0.0,Rain,266.76,3,1.0
12/18/2013 00:00,Wed,Heavy,,0.0,,,,1.0
12/19/2013 00:00,Thu,Heavy,,0.0,,,,1.0
12/20/2013 00:00,Fri,Heavy,,0.0,,,,1.0
12/21/2013 00:00,Sat,Heavy,,0.0,,,,1.0
12/22/2013 00:00,Sun,Heavy,,0.0,,,,1.0
12/23/2013 00:00,Mon,Heavy,,0.0,,,,1.0
12/24/2013 00:00,Tue,Heavy,,0.0,,,,1.0
12/25/2013 00:00,Wed,Heavy,,0.0,,,,1.0
12/26/2013 00:00,Thu,Heavy,,0.0,,,,1.0
12/27/2013 00:00,Fri,Heavy,,0.0,Clouds,273.8,1,1.0
12/28/2013 00:00,Sat,Heavy,,0.0,,,,1.0
12/29/2013 00:00,Sun,Heavy,,0.0,,,,1.0
12/30/2013 00:00,Mon,Heavy,,0.0,,,,1.0
12/31/2013 00:00,Tue,Heavy,,0.0,Clouds,262.71,0,1.0
01/01/2014 00:00,Wed,Heavy,,0.0,Rain,261.98,0,1.0
01/02/2014 00:00,Thu,Heavy,,0.0,Rain,267.22,4,1.0
01/03/2014 00:00,Fri,Heavy,,0.0,,,,1.0
01/04/2014 00:00,Sat,Heavy,,0.0,Clouds,264.44,4,1.0
01/05/2014 00:00,Sun,Heavy,,0.0,,,,1.0
01/06/2014 00:00,Mon,Heavy,,0.0,Clouds,260.0,3,1.0
01/07/2014 00:00,Tue,Heavy,,0.0,Clouds,285.193,3,1.0
01/08/2014 00:00,Wed,Heavy,,0.0,Clouds,257.17,3,1.0
01/09/2014 00:00,Thu,Heavy,,0.0,Clouds,261.61,3,1.0
01/10/2014 00:00,Fri,Heavy,,0.0,,,,1.0
01/11/2014 00:00,Sat,Heavy,,0.0,,,,1.0
01/12/2014 00:00,Sun,Heavy,,0.0,Clouds,285.193,3,1.0
01/13/2014 00:00,Mon,Heavy,,0.0,,,,1.0
01/14/2014 00:00,Tue,Heavy,,0.0,,,,1.0
01/15/2014 00:00,Wed,Heavy,,0.0,Clouds,270.15,7,1.0
01/16/2014 00:00,Thu,Heavy,,0.0,Clouds,264.32,3,1.0
01/17/2014 00:00,Fri,Heavy,,0.0,,,,1.0
01/18/2014 00:00,Sat,Heavy,,0.0,,,,1.0
01/19/2014 00:00,Sun,Heavy,,0.0,Clouds,285.193,3,1.0
01/20/2014 00:00,Mon,Heavy,,0.0,Clouds,274.26,2,1.0
01/21/2014 00:00,Tue,Heavy,,0.0,,,,1.0
01/22/2014 00:00,Wed,Heavy,,0.0,,,,1.0
01/23/2014 00:00,Thu,Heavy,,0.0,,,,1.0
01/24/2014 00:00,Fri,Heavy,,0.0,,,,1.0
01/25/2014 00:00,Sat,Heavy,,0.0,Clouds,267.45,4,1.0
01/26/2014 00:00,Sun,Heavy,,0.0,Clouds,261.58,5,1.0
01/27/2014 00:00,Mon,Heavy,,0.0,Rain,271.85,6,1.0
01/28/2014 00:00,Tue,Heavy,,0.0,Clouds,252.54,6,1.0
01/29/2014 00:00,Wed,Heavy,,0.0,Clear,256.62,4,1.0
01/30/2014 00:00,Thu,Heavy,,0.0,Clear,266.55,2,1.0
01/31/2014 00:00,Fri,Heavy,,0.0,Rain,272.09,2,1.0
02/01/2014 00:00,Sat,Heavy,,0.0,Clear,267.41,0,1.0
02/02/2014 00:00,Sun,Heavy,,0.0,Rain,270.34,1,1.0
02/03/2014 00:00,Mon,Heavy,,0.0,Clouds,263.88,3,1.0
02/04/2014 00:00,Tue,Heavy,,0.0,Clouds,264.24,4,1.0
02/05/2014 00:00,Wed,Heavy,,0.0,Clouds,267.85,4,1.0
02/06/2014 00:00,Thu,Heavy,,0.0,Rain,265.08,5,1.0
02/07/2014 00:00,Fri,Heavy,,0.0,Clouds,256.28,4,1.0
02/08/2014 00:00,Sat,Heavy,,0.0,Clouds,260.12,3,1.0
02/09/2014 00:00,Sun,Heavy,,0.0,Rain,263.79,0,1.0
02/10/2014 00:00,Mon,Heavy,,0.0,Clouds,262.62,3,1.0
02/11/2014 00:00,Tue,Heavy,,0.0,Clear,258.93,4,1.0
02/12/2014 00:00,Wed,Heavy,,0.0,Clouds,260.31,2,1.0
02/13/2014 00:00,Thu,Heavy,,0.0,Rain,267.43,1,1.0
02/14/2014 00:00,Fri,Heavy,,0.0,Clouds,271.89,5,1.0
02/15/2014 00:00,Sat,Heavy,,0.0,Clouds,265.59,5,1.0
02/16/2014 00:00,Sun,Heavy,,0.0,Clouds,265.13,4,1.0
02/17/2014 00:00,Mon,Heavy,,0.0,Clouds,269.14,5,1.0
02/18/2014 00:00,Tue,Heavy,,0.0,Clouds,269.56,0,1.0
02/19/2014 00:00,Wed,Heavy,,0.0,Clouds,279.14,6,1.0
02/20/2014 00:00,Thu,Heavy,,0.0,Clouds,275.93,2,1.0
02/21/2014 00:00,Fri,Heavy,,0.0,Clouds,281.12,8,1.0
02/22/2014 00:00,Sat,Heavy,,0.0,Clouds,273.34,7,1.0
02/23/2014 00:00,Sun,Heavy,,0.0,Clouds,273.15,4,1.0
02/24/2014 00:00,Mon,Heavy,,0.0,Clouds,268.78,6,1.0
02/25/2014 00:00,Tue,Heavy,,0.0,Clouds,267.3,5,1.0
02/26/2014 00:00,Wed,Heavy,,0.0,Clouds,263.69,7,1.0
02/27/2014 00:00,Thu,Heavy,,0.0,Clouds,262.62,5,1.0
02/28/2014 00:00,Fri,Heavy,,0.0,Clouds,260.13,2,1.0
03/01/2014 00:00,Sat,Heavy,,0.0,Clouds,271.34,4,1.0
03/02/2014 00:00,Sun,Heavy,,0.0,Clouds,264.55,5,1.0
03/03/2014 00:00,Mon,Heavy,,0.0,Clouds,260.14,6,1.0
03/04/2014 00:00,Tue,Heavy,,0.0,Clouds,262.94,4,1.0
03/05/2014 00:00,Wed,Heavy,,0.0,,,,1.0
03/06/2014 00:00,Thu,Heavy,,0.0,Clouds,267.35,7,1.0
03/07/2014 00:00,Fri,Heavy,,0.0,Clouds,270.33,2,1.0
03/08/2014 00:00,Sat,Heavy,,0.0,Clouds,278.94,4,1.0
03/09/2014 00:00,Sun,Heavy,,0.0,Clouds,270.36,2,1.0
03/10/2014 00:00,Mon,Heavy,,0.0,Clouds,277.15,6,1.0
03/11/2014 00:00,Tue,Heavy,,0.0,Clouds,282.54,5,1.0
03/12/2014 00:00,Wed,Heavy,,0.0,Clouds,276.52,7,1.0
03/13/2014 00:00,Thu,Heavy,,0.0,Clouds,267.82,5,1.0
03/14/2014 00:00,Fri,Heavy,,0.0,Clear,274.15,5,1.0
03/15/2014 00:00,Sat,Heavy,,0.0,Clouds,279.47,9,1.0
03/16/2014 00:00,Sun,Heavy,,0.0,Clouds,272.82,6,1.0
03/17/2014 00:00,Mon,Heavy,,0.0,Clouds,267.46,7,1.0
03/18/2014 00:00,Tue,Heavy,,0.0,Clouds,275.13,4,1.0
03/19/2014 00:00,Wed,Heavy,,0.0,Rain,281.08,6,1.0
03/20/2014 00:00,Thu,Heavy,,0.0,Rain,275.64,7,1.0
03/21/2014 00:00,Fri,Heavy,,0.0,Clouds,279.37,3,1.0
03/22/2014 00:00,Sat,Heavy,,0.0,Clouds,286.56,3,1.0
03/23/2014 00:00,Sun,Heavy,,0.0,Clouds,274.62,5,1.0
03/24/2014 00:00,Mon,Heavy,,0.0,Clouds,269.99,3,1.0
03/25/2014 00:00,Tue,Heavy,,0.0,Clouds,273.37,4,1.0
03/26/2014 00:00,Wed,Heavy,,0.0,Clouds,269.61,5,1.0
03/27/2014 00:00,Thu,Heavy,,0.0,Clouds,275.98,6,1.0
03/28/2014 00:00,Fri,Heavy,,0.0,Rain,282.43,7,1.0
03/29/2014 00:00,Sat,Heavy,,0.0,Clouds,275.52,3,1.0
03/30/2014 00:00,Sun,Heavy,,0.0,Clear,276.03,4,1.0
03/31/2014 00:00,Mon,Heavy,,0.0,Clouds,284.77,4,1.0
04/01/2014 00:00,Tue,Heavy,,0.0,Clouds,290.17,10,1.0
04/02/2014 00:00,Wed,Heavy,,0.0,Clouds,281.15,5,1.0
04/03/2014 00:00,Thu,Heavy,,0.0,Clouds,275.83,7,1.0
04/04/2014 00:00,Fri,Heavy,,0.0,Clouds,275.54,4,1.0
04/05/2014 00:00,Sat,Heavy,,0.0,Clouds,276.33,9,1.0
04/06/2014 00:00,Sun,Heavy,,0.0,Clouds,281.68,4,1.0
04/07/2014 00:00,Mon,Heavy,,0.0,Clouds,284.76,3,1.0
04/08/2014 00:00,Tue,Heavy,,0.0,Clouds,282.6,4,1.0
04/09/2014 00:00,Wed,Heavy,,0.0,Clouds,284.07,0,1.0
04/10/2014 00:00,Thu,Heavy,,0.0,Clouds,289.15,6,1.0
04/11/2014 00:00,Fri,Heavy,,0.0,Clouds,289.48,2,1.0
04/12/2014 00:00,Sat,Heavy,,0.0,Clouds,292.33,4,1.0
04/13/2014 00:00,Sun,Heavy,,0.0,Clouds,296.56,7,1.0
04/14/2014 00:00,Mon,Heavy,,0.0,Rain,282.14,6,1.0
04/15/2014 00:00,Tue,Heavy,,0.0,Rain,272.97,3,1.0
04/16/2014 00:00,Wed,Heavy,,0.0,Clouds,275.11,4,1.0
04/17/2014 00:00,Thu,Heavy,,0.0,Clouds,282.89,8,1.0
04/18/2014 00:00,Fri,Heavy,,0.0,Clouds,286.9,4,1.0
04/19/2014 00:00,Sat,Heavy,,0.0,Clear,278.93,4,1.0
04/20/2014 00:00,Sun,Heavy,,0.0,Clouds,289.79,4,1.0
04/21/2014 00:00,Mon,Heavy,,0.0,Clouds,296.4,3,1.0
04/22/2014 00:00,Tue,Heavy,,0.0,Rain,290.42,6,1.0
04/23/2014 00:00,Wed,Heavy,,0.0,Clouds,280.84,5,1.0
04/24/2014 00:00,Thu,Heavy,,0.0,Clouds,279.86,4,1.0
04/25/2014 00:00,Fri,Heavy,,0.0,Clouds,289.31,6,1.0
04/26/2014 00:00,Sat,Heavy,,0.0,Clouds,292.96,7,1.0
04/27/2014 00:00,Sun,Heavy,,0.0,Clouds,278.33,7,1.0
04/28/2014 00:00,Mon,Heavy,,0.0,Rain,286.09,5,1.0
04/29/2014 00:00,Tue,Heavy,,0.0,Rain,284.74,8,1.0
04/30/2014 00:00,Wed,Heavy,,0.0,,,,1.0
05/01/2014 00:00,Thu,Heavy,,0.0,,,,1.0
05/02/2014 00:00,Fri,Heavy,,0.0,,,,1.0
05/03/2014 00:00,Sat,Heavy,,0.0,,,,1.0
05/04/2014 00:00,Sun,Heavy,,0.0,,,,1.0
05/05/2014 00:00,Mon,Heavy,,0.0,Clear,283.04,0,1.0
05/06/2014 00:00,Tue,Heavy,,0.0,Clouds,282.36,1,1.0
05/07/2014 00:00,Wed,Heavy,,0.0,Clouds,286.87,2,1.0
05/08/2014 00:00,Thu,Heavy,,0.0,Haze,288.94,2,1.0
05/09/2014 00:00,Fri,Heavy,,0.0,Clear,302.98,2,1.0
05/10/2014 00:00,Sat,Heavy,,0.0,Rain,293.09,7,1.0
05/11/2014 00:00,Sun,Heavy,,0.0,Clear,296.16,0,1.0
05/12/2014 00:00,Mon,Heavy,,0.0,Rain,292.19,10,1.0
05/13/2014 00:00,Tue,Heavy,,0.0,Rain,299.22,3,1.0
05/14/2014 00:00,Wed,Heavy,,0.0,Clouds,285.81,3,1.0
05/15/2014 00:00,Thu,Heavy,,0.0,Rain,284.14,3,1.0
05/16/2014 00:00,Fri,Heavy,,0.0,Clouds,281.83,1,1.0
05/17/2014 00:00,Sat,Heavy,,0.0,Clouds,279.25,2,1.0
05/18/2014 00:00,Sun,Heavy,,0.0,Clear,287.33,2,1.0
05/19/2014 00:00,Mon,Heavy,,0.0,Clear,292.33,2,1.0
05/20/2014 00:00,Tue,Heavy,,0.0,Rain,292.61,2,1.0
05/21/2014 00:00,Wed,Heavy,,0.0,Rain,301.11,2,1.0
05/22/2014 00:00,Thu,Heavy,,0.0,Clouds,302.3,5,1.0
05/23/2014 00:00,Fri,Heavy,,0.0,Clouds,289.63,4,1.0
05/24/2014 00:00,Sat,Heavy,,0.0,Clouds,287.88,4,1.0
05/25/2014 00:00,Sun,Heavy,,0.0,Clouds,291.21,0,1.0
05/26/2014 00:00,Mon,Heavy,,0.0,Clouds,298.7,3,1.0
05/27/2014 00:00,Tue,Heavy,,0.0,Rain,296.49,3,1.0
05/28/2014 00:00,Wed,Heavy,,0.0,Rain,294.91,4,1.0
05/29/2014 00:00,Thu,Heavy,,0.0,Clouds,289.16,6,1.0
05/30/2014 00:00,Fri,Heavy,,0.0,Clouds,294.27,5,1.0
05/31/2014 00:00,Sat,Heavy,,0.0,Rain,295.4,4,1.0
06/01/2014 00:00,Sun,Heavy,,0.0,Clouds,300.21,5,1.0
06/02/2014 00:00,Mon,Heavy,,0.0,Rain,302.21,3,1.0
06/03/2014 00:00,Tue,Heavy,,0.0,Rain,300.5,0,1.0
06/04/2014 00:00,Wed,Heavy,,0.0,Clear,298.38,0,1.0
06/05/2014 00:00,Thu,Heavy,,0.0,Clouds,290.35,2,1.0
06/06/2014 00:00,Fri,Heavy,,0.0,Clear,295.57,0,1.0
06/07/2014 00:00,Sat,Heavy,,0.0,Clear,297.95,2,1.0
06/08/2014 00:00,Sun,Heavy,,0.0,Clouds,296.69,1,1.0
06/09/2014 00:00,Mon,Heavy,,0.0,Clear,291.35,3,1.0
06/10/2014 00:00,Tue,Heavy,,0.0,Clouds,293.26,3,1.0
06/11/2014 00:00,Wed,Heavy,,0.0,Rain,287.91,4,1.0
06/12/2014 00:00,Thu,Heavy,,0.0,Rain,290.17,0,1.0
06/13/2014 00:00,Fri,Heavy,,0.0,Clouds,296.56,0,1.0
06/14/2014 00:00,Sat,Heavy,,0.0,Clear,293.27,1,1.0
06/15/2014 00:00,Sun,Heavy,,0.0,,,,1.0
06/16/2014 00:00,Mon,Heavy,,0.0,,,,1.0
06/17/2014 00:00,Tue,Heavy,,0.0,,,,1.0
06/18/2014 00:00,Wed,Heavy,,0.0,,,,1.0
06/19/2014 00:00,Thu,Heavy,,0.0,Rain,291.65,1,1.0
06/20/2014 00:00,Fri,Heavy,,0.0,Clouds,295.0,0,1.0
06/21/2014 00:00,Sat,Heavy,,0.0,Clear,296.66,0,1.0
06/22/2014 00:00,Sun,Heavy,,0.0,,,,1.0
06/23/2014 00:00,Mon,Heavy,,0.0,,,,1.0
06/24/2014 00:00,Tue,Heavy,,0.0,,,,1.0
06/25/2014 00:00,Wed,Heavy,,0.0,Rain,296.38,0,1.0
06/26/2014 00:00,Thu,Heavy,,0.0,,,,1.0
06/27/2014 00:00,Fri,Heavy,,0.0,Fog,293.25,1,1.0
06/28/2014 00:00,Sat,Heavy,,0.0,,,,1.0
06/29/2014 00:00,Sun,Heavy,,0.0,,,,1.0
06/30/2014 00:00,Mon,Heavy,,0.0,,,,1.0
07/01/2014 00:00,Tue,Heavy,,0.0,Thunderstorm,298.52,9,1.0
07/02/2014 00:00,Wed,Heavy,,0.0,Clouds,299.47,6,1.0
07/03/2014 00:00,Thu,Heavy,,0.0,,,,1.0
07/04/2014 00:00,Fri,Heavy,,0.0,,,,1.0
07/05/2014 00:00,Sat,Heavy,,0.0,Clouds,295.88,4,1.0
07/06/2014 00:00,Sun,Heavy,,0.0,Clouds,297.74,7,1.0
07/07/2014 00:00,Mon,Heavy,,0.0,Clouds,302.16,7,1.0
07/08/2014 00:00,Tue,Heavy,,0.0,Clouds,302.65,5,1.0
07/09/2014 00:00,Wed,Heavy,,0.0,Clouds,299.9,6,1.0
07/10/2014 00:00,Thu,Heavy,,0.0,Clouds,296.89,3,1.0
07/11/2014 00:00,Fri,Heavy,,0.0,Clear,294.353,2,1.0
07/12/2014 00:00,Sat,Heavy,,0.0,Clouds,298.12,3,1.0
07/13/2014 00:00,Sun,Heavy,,0.0,Clouds,299.65,2,1.0
07/14/2014 00:00,Mon,Heavy,,0.0,Clouds,301.16,5,1.0
07/15/2014 00:00,Tue,Heavy,,0.0,Clouds,296.89,6,1.0
07/16/2014 00:00,Wed,Heavy,,0.0,Rain,290.64,4,1.0
07/17/2014 00:00,Thu,Heavy,,0.0,Clouds,292.97,4,1.0
07/18/2014 00:00,Fri,Heavy,,0.0,Clouds,295.56,4,1.0
07/19/2014 00:00,Sat,Heavy,,0.0,Clouds,297.23,5,1.0
07/20/2014 00:00,Sun,Heavy,,0.0,Clear,297.22,1,1.0
07/21/2014 00:00,Mon,Heavy,,0.0,Clouds,298.83,4,1.0
07/22/2014 00:00,Tue,Heavy,,0.0,Clear,300.97,4,1.0
07/23/2014 00:00,Wed,Heavy,,0.0,Clouds,303.31,6,1.0
07/24/2014 00:00,Thu,Heavy,,0.0,Rain,291.69,3,1.0
07/25/2014 00:00,Fri,Heavy,,0.0,,,,1.0
07/26/2014 00:00,Sat,Heavy,,0.0,Clouds,295.81,4,1.0
07/27/2014 00:00,Sun,Heavy,,0.0,Clouds,299.48,4,1.0
07/28/2014 00:00,Mon,Heavy,,0.0,,,,1.0
07/29/2014 00:00,Tue,Heavy,,0.0,,,,1.0
07/30/2014 00:00,Wed,Heavy,,0.0,,,,1.0
07/31/2014 00:00,Thu,Heavy,,0.0,Clouds,294.99,2,1.0
08/01/2014 00:00,Fri,Heavy,,0.0,Clouds,298.77,5,1.0
08/02/2014 00:00,Sat,Heavy,,0.0,Clear,294.26,1,1.0
08/03/2014 00:00,Sun,Heavy,,0.0,,,,1.0
08/04/2014 00:00,Mon,Heavy,,0.0,Clouds,300.3,3,1.0
08/05/2014 00:00,Tue,Heavy,,0.0,Thunderstorm,297.67,4,1.0
08/06/2014 00:00,Wed,Heavy,,0.0,Clouds,296.48,3,1.0
08/07/2014 00:00,Thu,Heavy,,0.0,Clouds,296.34,3,1.0
08/08/2014 00:00,Fri,Heavy,,0.0,Clouds,297.15,4,1.0
08/09/2014 00:00,Sat,Heavy,,0.0,,,,1.0
08/10/2014 00:00,Sun,Heavy,,0.0,,,,1.0
08/11/2014 00:00,Mon,Heavy,,0.0,,,,1.0
08/12/2014 00:00,Tue,Heavy,,0.0,,,,1.0
08/13/2014 00:00,Wed,Heavy,,0.0,,,,1.0
08/14/2014 00:00,Thu,Heavy,,0.0,,,,1.0
08/15/2014 00:00,Fri,Heavy,,0.0,,,,1.0
08/16/2014 00:00,Sat,Heavy,,0.0,,,,1.0
08/17/2014 00:00,Sun,Heavy,,0.0,,,,1.0
08/18/2014 00:00,Mon,Heavy,,0.0,,,,1.0
08/19/2014 00:00,Tue,Heavy,,0.0,,,,1.0
08/20/2014 00:00,Wed,Heavy,,0.0,,,,1.0
08/21/2014 00:00,Thu,Heavy,,0.0,,,,1.0
08/22/2014 00:00,Fri,Heavy,,0.0,,,,1.0
08/23/2014 00:00,Sat,Heavy,,0.0,,,,1.0
08/24/2014 00:00,Sun,Heavy,,0.0,,,,1.0
08/25/2014 00:00,Mon,Heavy,,0.0,,,,1.0
08/26/2014 00:00,Tue,Heavy,,0.0,,,,1.0
08/27/2014 00:00,Wed,Heavy,,0.0,,,,1.0
08/28/2014 00:00,Thu,Heavy,,0.0,,,,1.0
08/29/2014 00:00,Fri,Heavy,,0.0,,,,1.0
08/30/2014 00:00,Sat,Heavy,,0.0,,,,1.0
08/31/2014 00:00,Sun,Heavy,,0.0,,,,1.0
09/01/2014 00:00,Mon,Heavy,,0.0,,,,1.0
09/02/2014 00:00,Tue,Heavy,,0.0,,,,1.0
09/03/2014 00:00,Wed,Heavy,,0.0,,,,1.0
09/04/2014 00:00,Thu,Heavy,,0.0,,,,1.0
09/05/2014 00:00,Fri,Heavy,,0.0,,,,1.0
09/06/2014 00:00,Sat,Heavy,,0.0,,,,1.0
09/07/2014 00:00,Sun,Heavy,,0.0,,,,1.0
09/08/2014 00:00,Mon,Heavy,,0.0,,,,1.0
09/09/2014 00:00,Tue,Heavy,,0.0,,,,1.0
09/10/2014 00:00,Wed,Heavy,,0.0,,,,1.0
09/11/2014 00:00,Thu,Heavy,,0.0,,,,1.0
09/12/2014 00:00,Fri,Heavy,,0.0,,,,1.0
09/13/2014 00:00,Sat,Heavy,,0.0,,,,1.0
09/14/2014 00:00,Sun,Heavy,,0.0,,,,1.0
09/15/2014 00:00,Mon,Heavy,,0.0,,,,1.0
09/16/2014 00:00,Tue,Heavy,,0.0,,,,1.0
09/17/2014 00:00,Wed,Heavy,,0.0,,,,1.0
09/18/2014 00:00,Thu,Heavy,,0.0,,,,1.0
09/19/2014 00:00,Fri,Heavy,,0.0,,,,1.0
09/20/2014 00:00,Sat,Heavy,,0.0,,,,1.0
09/21/2014 00:00,Sun,Heavy,,0.0,,,,1.0
09/22/2014 00:00,Mon,Heavy,,0.0,,,,1.0
09/23/2014 00:00,Tue,Heavy,,0.0,,,,1.0
09/24/2014 00:00,Wed,Heavy,,0.0,,,,1.0
09/25/2014 00:00,Thu,Heavy,,0.0,,,,1.0
09/26/2014 00:00,Fri,Heavy,,0.0,,,,1.0
09/27/2014 00:00,Sat,Heavy,,0.0,,,,1.0
09/28/2014 00:00,Sun,Heavy,,0.0,,,,1.0
09/29/2014 00:00,Mon,Heavy,,0.0,,,,1.0
09/30/2014 00:00,Tue,Heavy,,0.0,,,,1.0
10/01/2014 00:00,Wed,Heavy,,0.0,,,,1.0
10/02/2014 00:00,Thu,Heavy,,0.0,,,,1.0
10/03/2014 00:00,Fri,Heavy,,0.0,,,,1.0
10/04/2014 00:00,Sat,Heavy,,0.0,,,,1.0
10/05/2014 00:00,Sun,Heavy,,0.0,,,,1.0
10/06/2014 00:00,Mon,Heavy,,0.0,,,,1.0
10/07/2014 00:00,Tue,Heavy,,0.0,,,,1.0
10/08/2014 00:00,Wed,Heavy,,0.0,,,,1.0
10/09/2014 00:00,Thu,Heavy,,0.0,,,,1.0
10/10/2014 00:00,Fri,Heavy,,0.0,,,,1.0
10/11/2014 00:00,Sat,Heavy,,0.0,,,,1.0
10/12/2014 00:00,Sun,Heavy,,0.0,,,,1.0
10/13/2014 00:00,Mon,Heavy,,0.0,,,,1.0
10/14/2014 00:00,Tue,Heavy,,0.0,,,,1.0
10/15/2014 00:00,Wed,Heavy,,0.0,,,,1.0
10/16/2014 00:00,Thu,Heavy,,0.0,,,,1.0
10/17/2014 00:00,Fri,Heavy,,0.0,,,,1.0
10/18/2014 00:00,Sat,Heavy,,0.0,,,,1.0
10/19/2014 00:00,Sun,Heavy,,0.0,,,,1.0
10/20/2014 00:00,Mon,Heavy,,0.0,,,,1.0
10/21/2014 00:00,Tue,Heavy,,0.0,,,,1.0
10/22/2014 00:00,Wed,Heavy,,0.0,,,,1.0
10/23/2014 00:00,Thu,Heavy,,0.0,,,,1.0
10/24/2014 00:00,Fri,Heavy,,0.0,,,,1.0
10/25/2014 00:00,Sat,Heavy,,0.0,,,,1.0
10/26/2014 00:00,Sun,Heavy,,0.0,,,,1.0
10/27/2014 00:00,Mon,Heavy,,0.0,,,,1.0
10/28/2014 00:00,Tue,Heavy,,0.0,,,,1.0
10/29/2014 00:00,Wed,Heavy,,0.0,,,,1.0
10/30/2014 00:00,Thu,Heavy,,0.0,,,,1.0
10/31/2014 00:00,Fri,Heavy,,0.0,,,,1.0
11/01/2014 00:00,Sat,Heavy,,0.0,,,,1.0
11/02/2014 00:00,Sun,Heavy,,0.0,,,,1.0
11/03/2014 00:00,Mon,Heavy,,0.0,,,,1.0
11/04/2014 00:00,Tue,Heavy,,0.0,,,,1.0
11/05/2014 00:00,Wed,Heavy,,0.0,,,,1.0
11/06/2014 00:00,Thu,Heavy,,0.0,,,,1.0
11/07/2014 00:00,Fri,Heavy,,0.0,,,,1.0
11/08/2014 00:00,Sat,Heavy,,0.0,,,,1.0
11/09/2014 00:00,Sun,Heavy,,0.0,,,,1.0
11/10/2014 00:00,Mon,Heavy,,0.0,,,,1.0
11/11/2014 00:00,Tue,Heavy,,0.0,,,,1.0
11/12/2014 00:00,Wed,Heavy,,0.0,,,,1.0
11/13/2014 00:00,Thu,Heavy,,0.0,,,,1.0
11/14/2014 00:00,Fri,Heavy,,0.0,,,,1.0
11/15/2014 00:00,Sat,Heavy,,0.0,,,,1.0
11/16/2014 00:00,Sun,Heavy,,0.0,,,,1.0
11/17/2014 00:00,Mon,Heavy,,0.0,,,,1.0
11/18/2014 00:00,Tue,Heavy,,0.0,,,,1.0
11/19/2014 00:00,Wed,Heavy,,0.0,,,,1.0
11/20/2014 00:00,Thu,Heavy,,0.0,,,,1.0
11/21/2014 00:00,Fri,Heavy,,0.0,,,,1.0
11/22/2014 00:00,Sat,Heavy,,0.0,,,,1.0
11/23/2014 00:00,Sun,Heavy,,0.0,,,,1.0
11/24/2014 00:00,Mon,Heavy,,0.0,,,,1.0
11/25/2014 00:00,Tue,Heavy,,0.0,,,,1.0
11/26/2014 00:00,Wed,Heavy,1.6944444444444444,0.0,,,,1.0
11/27/2014 00:00,Thu,Heavy,1.7333333333333334,0.0,,,,1.0
11/28/2014 00:00,Fri,Heavy,1.8055555555555556,0.0,,,,1.0
11/29/2014 00:00,Sat,Heavy,1.5833333333333333,0.0,,,,1.0
11/30/2014 00:00,Sun,Heavy,1.8055555555555556,0.0,,,,1.0
12/01/2014 00:00,Mon,Heavy,1.5185185185185182,0.0,,,,1.0
12/02/2014 00:00,Tue,Heavy,,0.0,,,,1.0
12/03/2014 00:00,Wed,Heavy,,0.0,,,,1.0
12/04/2014 00:00,Thu,Heavy,,0.0,,,,1.0
12/05/2014 00:00,Fri,Heavy,,0.0,,,,1.0
12/06/2014 00:00,Sat,Heavy,,0.0,,,,1.0
12/07/2014 00:00,Sun,Heavy,,0.0,,,,1.0
12/08/2014 00:00,Mon,Heavy,,0.0,,,,1.0
12/09/2014 00:00,Tue,Heavy,,0.0,,,,1.0
12/10/2014 00:00,Wed,Heavy,,0.0,,,,1.0
12/11/2014 00:00,Thu,Heavy,1.962962962962963,0.0,,,,1.0
12/12/2014 00:00,Fri,Heavy,1.6666666666666667,0.0,,,,1.0
12/13/2014 00:00,Sat,Heavy,1.9777777777777779,0.0,,,,1.0
12/14/2014 00:00,Sun,Heavy,1.6666666666666667,0.0,,,,1.0
12/15/2014 00:00,Mon,Heavy,1.8148148148148147,0.0,,,,1.0
12/16/2014 00:00,Tue,Heavy,1.5,0.0,,,,1.0
12/17/2014 00:00,Wed,Heavy,1.851851851851852,0.0,,,,1.0
12/18/2014 00:00,Thu,Heavy,1.7333333333333334,0.0,,,,1.0
12/19/2014 00:00,Fri,Heavy,2.022222222222222,0.0,,,,1.0
12/20/2014 00:00,Sat,Heavy,1.822222222222222,0.0,,,,1.0
12/21/2014 00:00,Sun,Heavy,1.851851851851852,0.0,,,,1.0
12/22/2014 00:00,Mon,Heavy,1.5,0.0,,,,1.0
12/23/2014 00:00,Tue,Heavy,1.6444444444444446,0.0,,,,1.0
12/24/2014 00:00,Wed,Heavy,1.4666666666666666,0.0,,,,1.0
12/25/2014 00:00,Thu,Heavy,1.8888888888888888,0.0,,,,1.0
12/26/2014 00:00,Fri,Heavy,1.8148148148148147,0.0,,,,1.0
12/27/2014 00:00,Sat,Heavy,1.5277777777777777,0.0,,,,1.0
12/28/2014 00:00,Sun,Heavy,1.6111111111111112,0.0,,,,1.0
12/29/2014 00:00,Mon,Heavy,1.8666666666666667,0.0,,,,1.0
12/30/2014 00:00,Tue,Heavy,2.2222222222222223,0.0,,,,1.0
12/31/2014 00:00,Wed,Heavy,1.5185185185185182,0.0,,,,1.0
01/01/2015 00:00,Thu,Heavy,,0.0,,,,1.0
01/02/2015 00:00,Fri,Heavy,,0.0,,,,1.0
01/03/2015 00:00,Sat,Heavy,,0.0,,,,1.0
01/04/2015 00:00,Sun,Heavy,,0.0,,,,1.0
01/05/2015 00:00,Mon,Heavy,,0.0,,,,1.0
01/06/2015 00:00,Tue,Heavy,,0.0,,,,1.0
01/07/2015 00:00,Wed,Heavy,,0.0,,,,1.0
01/08/2015 00:00,Thu,Heavy,,0.0,,,,1.0
01/09/2015 00:00,Fri,Heavy,,0.0,,,,1.0
01/10/2015 00:00,Sat,Heavy,,0.0,,,,1.0
01/11/2015 00:00,Sun,Heavy,,0.0,,,,1.0
01/12/2015 00:00,Mon,Heavy,,0.0,,,,1.0
01/13/2015 00:00,Tue,Heavy,,0.0,,,,1.0
01/14/2015 00:00,Wed,Heavy,,0.0,,,,1.0
01/15/2015 00:00,Thu,Heavy,,0.0,,,,1.0
01/16/2015 00:00,Fri,Heavy,,0.0,,,,1.0
01/17/2015 00:00,Sat,Heavy,,0.0,,,,1.0
01/18/2015 00:00,Sun,Heavy,,0.0,,,,1.0
01/19/2015 00:00,Mon,Heavy,,0.0,,,,1.0
01/20/2015 00:00,Tue,Heavy,,0.0,,,,1.0
01/21/2015 00:00,Wed,Heavy,,0.0,,,,1.0
01/22/2015 00:00,Thu,Heavy,,0.0,,,,1.0
01/23/2015 00:00,Fri,Heavy,,0.0,,,,1.0
01/24/2015 00:00,Sat,Heavy,,0.0,,,,1.0
01/25/2015 00:00,Sun,Heavy,,0.0,,,,1.0
01/26/2015 00:00,Mon,Heavy,,0.0,,,,1.0
01/27/2015 00:00,Tue,Heavy,,0.0,,,,1.0
01/28/2015 00:00,Wed,Heavy,,0.0,,,,1.0
01/29/2015 00:00,Thu,Heavy,,0.0,,,,1.0
01/30/2015 00:00,Fri,Heavy,,0.0,,,,1.0
01/31/2015 00:00,Sat,Heavy,,0.0,,,,1.0
02/01/2015 00:00,Sun,Heavy,,0.0,,,,1.0
02/02/2015 00:00,Mon,Heavy,,0.0,,,,1.0
02/03/2015 00:00,Tue,Heavy,,0.0,,,,1.0
02/04/2015 00:00,Wed,Heavy,,0.0,,,,1.0
02/05/2015 00:00,Thu,Heavy,,0.0,,,,2.0
02/06/2015 00:00,Fri,Heavy,,0.0,,,,2.0
02/07/2015 00:00,Sat,Heavy,,0.0,,,,2.0
02/08/2015 00:00,Sun,Heavy,,0.0,,,,2.0
02/09/2015 00:00,Mon,Heavy,,0.0,,,,2.0
02/10/2015 00:00,Tue,Heavy,,0.0,,,,1.0
02/11/2015 00:00,Wed,Heavy,,0.0,,,,2.0
02/12/2015 00:00,Thu,Heavy,,0.0,,,,2.0
02/13/2015 00:00,Fri,Heavy,,0.0,,,,2.0
02/14/2015 00:00,Sat,Heavy,,0.0,,,,2.0
02/15/2015 00:00,Sun,Heavy,,0.0,,,,2.0
02/16/2015 00:00,Mon,Heavy,,0.0,,,,2.0
02/17/2015 00:00,Tue,Heavy,,0.0,,,,2.0
02/18/2015 00:00,Wed,Heavy,,0.0,,,,2.0
02/19/2015 00:00,Thu,Heavy,,0.0,,,,2.0
02/20/2015 00:00,Fri,Heavy,,0.0,,,,2.0
02/21/2015 00:00,Sat,Heavy,,0.0,,,,2.0
02/22/2015 00:00,Sun,Heavy,,0.0,,,,2.0
02/23/2015 00:00,Mon,Heavy,,0.0,,,,2.0
02/24/2015 00:00,Tue,Heavy,,0.0,,,,2.0
02/25/2015 00:00,Wed,Heavy,,0.0,,,,2.0
02/26/2015 00:00,Thu,Heavy,,0.0,,,,2.0
02/27/2015 00:00,Fri,Heavy,,0.0,,,,2.0
02/28/2015 00:00,Sat,Heavy,,0.0,,,,2.0
03/01/2015 00:00,Sun,Heavy,,0.0,,,,2.0
03/02/2015 00:00,Mon,Heavy,,0.0,,,,2.0
03/03/2015 00:00,Tue,Heavy,,0.0,,,,2.0
03/04/2015 00:00,Wed,Heavy,,0.0,,,,2.0
03/05/2015 00:00,Thu,Heavy,,0.0,,,,2.0
03/06/2015 00:00,Fri,Heavy,,0.0,,,,2.0
03/07/2015 00:00,Sat,Heavy,,0.0,,,,2.0
03/08/2015 00:00,Sun,Heavy,,0.0,,,,2.0
03/09/2015 00:00,Mon,Heavy,,0.0,,,,2.0
03/10/2015 00:00,Tue,Heavy,,0.0,,,,2.0
03/11/2015 00:00,Wed,Heavy,,0.0,,,,2.0
03/12/2015 00:00,Thu,Heavy,,0.0,,,,2.0
03/13/2015 00:00,Fri,Heavy,,0.0,,,,2.0
03/14/2015 00:00,Sat,Heavy,,0.0,,,,2.0
03/15/2015 00:00,Sun,Heavy,,0.0,,,,2.0
03/16/2015 00:00,Mon,Heavy,,0.0,,,,2.0
03/17/2015 00:00,Tue,Heavy,,0.0,,,,2.0
03/18/2015 00:00,Wed,Heavy,,0.0,,,,2.0
03/19/2015 00:00,Thu,Heavy,,0.0,,,,2.0
03/20/2015 00:00,Fri,Heavy,,0.0,,,,2.0
03/21/2015 00:00,Sat,Heavy,,0.0,,,,2.0
03/22/2015 00:00,Sun,Heavy,,0.0,,,,2.0
03/23/2015 00:00,Mon,Heavy,,0.0,,,,2.0
03/24/2015 00:00,Tue,Heavy,,0.0,,,,2.0
03/25/2015 00:00,Wed,Heavy,,0.0,,,,2.0
03/26/2015 00:00,Thu,Heavy,,0.0,,,,2.0
03/27/2015 00:00,Fri,Heavy,,0.0,,,,2.0
03/28/2015 00:00,Sat,Heavy,,0.0,,,,2.0
03/29/2015 00:00,Sun,Heavy,,0.0,,,,2.0
03/30/2015 00:00,Mon,Heavy,,0.0,,,,2.0
03/31/2015 00:00,Tue,Heavy,,0.0,,,,2.0
04/01/2015 00:00,Wed,Heavy,,0.0,,,,2.0
04/02/2015 00:00,Thu,Heavy,,0.0,,,,2.0
04/03/2015 00:00,Fri,Heavy,,0.0,,,,2.0
04/04/2015 00:00,Sat,Heavy,,0.0,,,,2.0
04/05/2015 00:00,Sun,Heavy,,0.0,,,,2.0
04/06/2015 00:00,Mon,Heavy,,0.0,,,,2.0
04/07/2015 00:00,Tue,Heavy,,0.0,,,,2.0
04/08/2015 00:00,Wed,Heavy,,0.0,,,,2.0
04/09/2015 00:00,Thu,Heavy,,0.0,,,,2.0
04/10/2015 00:00,Fri,Heavy,,0.0,,,,2.0
04/11/2015 00:00,Sat,Heavy,,0.0,,,,2.0
04/12/2015 00:00,Sun,Heavy,,0.0,,,,2.0
04/13/2015 00:00,Mon,Heavy,,0.0,,,,2.0
04/14/2015 00:00,Tue,Heavy,,0.0,,,,2.0
04/15/2015 00:00,Wed,Heavy,,0.0,,,,2.0
04/16/2015 00:00,Thu,Heavy,,0.0,,,,2.0
04/17/2015 00:00,Fri,Heavy,,0.0,,,,2.0
04/18/2015 00:00,Sat,Heavy,,0.0,,,,2.0
04/19/2015 00:00,Sun,Heavy,,0.0,,,,2.0
04/20/2015 00:00,Mon,Heavy,,0.0,,,,2.0
04/21/2015 00:00,Tue,Heavy,,0.0,,,,2.0
04/22/2015 00:00,Wed,Heavy,,0.0,,,,2.0
04/23/2015 00:00,Thu,Heavy,,0.0,,,,2.0
04/24/2015 00:00,Fri,Heavy,,0.0,,,,2.0
04/25/2015 00:00,Sat,Heavy,,0.0,,,,2.0
04/26/2015 00:00,Sun,Heavy,,0.0,,,,2.0
04/27/2015 00:00,Mon,Heavy,,0.0,,,,2.0
04/28/2015 00:00,Tue,Heavy,,0.0,,,,2.0
04/29/2015 00:00,Wed,Heavy,,0.0,,,,2.0
04/30/2015 00:00,Thu,Heavy,,0.0,,,,2.0
05/01/2015 00:00,Fri,Heavy,,0.0,,,,2.0
05/02/2015 00:00,Sat,Heavy,,0.0,,,,2.0
05/03/2015 00:00,Sun,Heavy,,0.0,,,,2.0
05/04/2015 00:00,Mon,Heavy,,0.0,,,,2.0
05/05/2015 00:00,Tue,Heavy,,0.0,,,,2.0
05/06/2015 00:00,Wed,Heavy,,0.0,,,,2.0
05/07/2015 00:00,Thu,Heavy,,0.0,,,,2.0
05/08/2015 00:00,Fri,Heavy,,0.0,,,,2.0
05/09/2015 00:00,Sat,Heavy,,0.0,,,,2.0
05/10/2015 00:00,Sun,Heavy,,0.0,,,,2.0
05/11/2015 00:00,Mon,Heavy,,0.0,,,,2.0
05/12/2015 00:00,Tue,Heavy,,0.0,,,,2.0
05/13/2015 00:00,Wed,Heavy,,0.0,,,,2.0
05/14/2015 00:00,Thu,Heavy,,0.0,,,,2.0
05/15/2015 00:00,Fri,Heavy,,0.0,,,,2.0
05/16/2015 00:00,Sat,Heavy,,0.0,,,,2.0
05/17/2015 00:00,Sun,Heavy,,0.0,,,,2.0
05/18/2015 00:00,Mon,Heavy,,0.0,,,,2.0
05/19/2015 00:00,Tue,Heavy,,0.0,,,,2.0
05/20/2015 00:00,Wed,Heavy,,0.0,,,,2.0
05/21/2015 00:00,Thu,Heavy,,0.0,,,,2.0
05/22/2015 00:00,Fri,Heavy,,0.0,,,,2.0
05/23/2015 00:00,Sat,Heavy,,0.0,,,,2.0
05/24/2015 00:00,Sun,Heavy,,0.0,,,,2.0
05/25/2015 00:00,Mon,Heavy,,0.0,,,,2.0
05/26/2015 00:00,Tue,Heavy,,0.0,,,,2.0
05/27/2015 00:00,Wed,Heavy,,0.0,,,,2.0
05/28/2015 00:00,Thu,Heavy,,0.0,,,,2.0
05/29/2015 00:00,Fri,Heavy,,0.0,,,,2.0
05/30/2015 00:00,Sat,Heavy,,0.0,,,,2.0
05/31/2015 00:00,Sun,Heavy,,0.0,,,,2.0
06/01/2015 00:00,Mon,Heavy,,0.0,,,,1.0
06/02/2015 00:00,Tue,Heavy,,0.0,,,,1.0
06/03/2015 00:00,Wed,Heavy,,0.0,,,,1.0
06/04/2015 00:00,Thu,Heavy,,0.0,,,,1.0
06/05/2015 00:00,Fri,Heavy,,0.0,,,,1.0
06/06/2015 00:00,Sat,Heavy,,0.0,,,,1.0
06/07/2015 00:00,Sun,Heavy,,0.0,,,,1.0
06/08/2015 00:00,Mon,Heavy,,0.0,,,,1.0
06/09/2015 00:00,Tue,Heavy,,0.0,,,,1.0
06/10/2015 00:00,Wed,Heavy,,0.0,,,,1.0
06/11/2015 00:00,Thu,Heavy,,0.0,,,,1.0
06/12/2015 00:00,Fri,Heavy,,0.0,,,,1.0
06/13/2015 00:00,Sat,Heavy,,0.0,,,,1.0
06/14/2015 00:00,Sun,Heavy,,0.0,,,,1.0
06/15/2015 00:00,Mon,Heavy,,0.0,,,,1.0
06/16/2015 00:00,Tue,Heavy,,0.0,,,,1.0
06/17/2015 00:00,Wed,Heavy,,0.0,,,,1.0
06/18/2015 00:00,Thu,Heavy,,0.0,,,,1.0
06/19/2015 00:00,Fri,Heavy,,0.0,,,,1.0
06/20/2015 00:00,Sat,Heavy,,0.0,,,,1.0
06/21/2015 00:00,Sun,Heavy,,0.0,,,,1.0
06/22/2015 00:00,Mon,Heavy,,0.0,,,,1.0
06/23/2015 00:00,Tue,Heavy,,0.0,,,,1.0
06/24/2015 00:00,Wed,Heavy,,0.0,,,,1.0
06/25/2015 00:00,Thu,Heavy,,0.0,Clouds,294.81,2,1.0
06/26/2015 00:00,Fri,Heavy,,0.0,Mist,294.18,5,1.0
06/27/2015 00:00,Sat,Heavy,,0.0,Rain,290.53,4,1.0
06/28/2015 00:00,Sun,Heavy,,0.0,Clouds,294.82,4,1.0
06/29/2015 00:00,Mon,Heavy,,0.0,Rain,294.31,4,1.0
06/30/2015 00:00,Tue,Heavy,,0.0,Clouds,294.65,3,1.0
07/01/2015 00:00,Wed,Heavy,,0.0,,,,1.0
07/02/2015 00:00,Thu,Heavy,,0.0,Clouds,288.71,5,1.0
07/03/2015 00:00,Fri,Heavy,,0.0,Clouds,290.84,5,1.0
07/04/2015 00:00,Sat,Heavy,,0.0,Clouds,294.85,3,1.0
07/05/2015 00:00,Sun,Heavy,,0.0,Clear,298.05,3,1.0
07/06/2015 00:00,Mon,Heavy,,0.0,Clouds,298.99,4,1.0
07/07/2015 00:00,Tue,Heavy,,0.0,Rain,299.28,5,1.0
07/08/2015 00:00,Wed,Heavy,,0.0,Clouds,289.83,7,1.0
07/09/2015 00:00,Thu,Heavy,,0.0,Rain,290.16,2,1.0
07/10/2015 00:00,Fri,Heavy,,0.0,Clouds,294.29,3,1.0
07/11/2015 00:00,Sat,Heavy,,0.0,Clouds,297.08,3,1.0
07/12/2015 00:00,Sun,Heavy,,0.0,Rain,295.14,3,1.0
07/13/2015 00:00,Mon,Heavy,,0.0,Clouds,299.13,5,1.0
07/14/2015 00:00,Tue,Heavy,,0.0,Rain,301.71,3,1.0
07/15/2015 00:00,Wed,Heavy,,0.0,Clouds,293.75,6,1.0
07/16/2015 00:00,Thu,Heavy,,0.0,Clouds,293.14,5,1.0
07/17/2015 00:00,Fri,Heavy,,0.0,Rain,294.48,5,1.0
07/18/2015 00:00,Sat,Heavy,,0.0,Clouds,301.59,5,1.0
07/19/2015 00:00,Sun,Heavy,,0.0,Clouds,299.72,2,1.0
07/20/2015 00:00,Mon,Heavy,,0.0,Clouds,298.95,4,1.0
07/21/2015 00:00,Tue,Heavy,,0.0,Clouds,299.76,3,1.0
07/22/2015 00:00,Wed,Heavy,,0.0,Clouds,298.07,3,1.0
07/23/2015 00:00,Thu,Heavy,,0.0,Clouds,298.2,4,1.0
07/24/2015 00:00,Fri,Heavy,,0.0,Clouds,299.68,4,1.0
07/25/2015 00:00,Sat,Heavy,,0.0,Clouds,300.1,5,1.0
07/26/2015 00:00,Sun,Heavy,,0.0,Clouds,299.95,5,1.0
07/27/2015 00:00,Mon,Heavy,,0.0,Clouds,298.0,3,1.0
07/28/2015 00:00,Tue,Heavy,,0.0,Clouds,300.09,5,1.0
07/29/2015 00:00,Wed,Heavy,,0.0,Clouds,302.57,4,1.0
07/30/2015 00:00,Thu,Heavy,,0.0,Clouds,300.62,7,1.0
07/31/2015 00:00,Fri,Heavy,,0.0,Clouds,301.72,7,1.0
08/01/2015 00:00,Sat,Heavy,,0.0,Clouds,300.4,6,1.0
08/02/2015 00:00,Sun,Heavy,,0.0,Clouds,300.6,6,1.0
08/03/2015 00:00,Mon,Heavy,,0.0,Clouds,303.42,10,1.0
08/04/2015 00:00,Tue,Heavy,,0.0,Clouds,298.31,6,1.0
08/05/2015 00:00,Wed,Heavy,,0.0,Clouds,297.5,4,1.0
08/06/2015 00:00,Thu,Heavy,,0.0,Clouds,297.25,5,1.0
08/07/2015 00:00,Fri,Heavy,,0.0,Clouds,297.54,4,1.0
08/08/2015 00:00,Sat,Heavy,,0.0,Clouds,299.13,5,1.0
08/09/2015 00:00,Sun,Heavy,,0.0,Clouds,296.19,2,1.0
08/10/2015 00:00,Mon,Heavy,,0.0,Clouds,297.33,4,1.0
08/11/2015 00:00,Tue,Heavy,,0.0,Clouds,296.69,4,1.0
08/12/2015 00:00,Wed,Heavy,,0.0,Clouds,296.03,4,1.0
08/13/2015 00:00,Thu,Heavy,,0.0,Clouds,296.5,4,1.0
08/14/2015 00:00,Fri,Heavy,,0.0,Clouds,298.73,5,1.0
08/15/2015 00:00,Sat,Heavy,,0.0,Clouds,301.79,3,1.0
08/16/2015 00:00,Sun,Heavy,,0.0,Clouds,299.09,3,1.0
08/17/2015 00:00,Mon,Heavy,,0.0,Clouds,301.57,6,1.0
08/18/2015 00:00,Tue,Heavy,,0.0,Rain,297.39,2,1.0
08/19/2015 00:00,Wed,Heavy,,0.0,Thunderstorm,298.45,5,1.0
08/20/2015 00:00,Thu,Heavy,,0.0,Clouds,293.07,6,1.0
08/21/2015 00:00,Fri,Heavy,,0.0,Clouds,294.61,6,1.0
08/22/2015 00:00,Sat,Heavy,,0.0,Clouds,297.91,5,1.0
08/23/2015 00:00,Sun,Heavy,,0.0,Clouds,296.78,5,1.0
08/24/2015 00:00,Mon,Heavy,,0.0,Clouds,294.58,5,1.0
08/25/2015 00:00,Tue,Heavy,,0.0,Clouds,292.59,8,1.0
08/26/2015 00:00,Wed,Heavy,,0.0,Clouds,291.59,4,1.0
08/27/2015 00:00,Thu,Heavy,,0.0,Clouds,290.88,1,1.0
08/28/2015 00:00,Fri,Heavy,,0.0,Clouds,292.8,4,1.0
08/29/2015 00:00,Sat,Heavy,,0.0,Clouds,294.46,2,1.0
08/30/2015 00:00,Sun,Heavy,,0.0,,,,1.0
08/31/2015 00:00,Mon,Heavy,,0.0,Mist,294.84,3,1.0
09/01/2015 00:00,Tue,Heavy,,0.0,Clouds,299.39,2,1.0
09/02/2015 00:00,Wed,Heavy,,0.0,,,,1.0
09/03/2015 00:00,Thu,Heavy,,0.0,Clouds,301.36,3,1.0
09/04/2015 00:00,Fri,Heavy,,0.0,Thunderstorm,299.84,3,1.0
09/05/2015 00:00,Sat,Heavy,,0.0,Clouds,297.04,4,1.0
09/06/2015 00:00,Sun,Heavy,,0.0,Clouds,298.85,3,1.0
09/07/2015 00:00,Mon,Heavy,,0.0,Haze,302.54,4,1.0
09/08/2015 00:00,Tue,Heavy,,0.0,Clouds,300.29,2,1.0
09/09/2015 00:00,Wed,Heavy,,0.0,Rain,295.23,3,1.0
09/10/2015 00:00,Thu,Heavy,,0.0,Clouds,293.67,4,1.0
09/11/2015 00:00,Fri,Heavy,,0.0,Clouds,291.47,3,1.0
09/12/2015 00:00,Sat,Heavy,,0.0,Clouds,288.45,7,1.0
09/13/2015 00:00,Sun,Heavy,,0.0,Clouds,287.5,5,1.0
09/14/2015 00:00,Mon,Heavy,,0.0,Clear,290.43,3,1.0
09/15/2015 00:00,Tue,Heavy,,0.0,Rain,297.7,5,1.0
09/16/2015 00:00,Wed,Heavy,,0.0,Clouds,296.42,5,1.0
09/17/2015 00:00,Thu,Heavy,,0.0,Clear,297.57,4,1.0
09/18/2015 00:00,Fri,Heavy,,0.0,Rain,297.13,6,1.0
09/19/2015 00:00,Sat,Heavy,,0.0,Rain,294.17,5,1.0
09/20/2015 00:00,Sun,Heavy,,0.0,Clouds,289.58,3,1.0
09/21/2015 00:00,Mon,Heavy,,0.0,,,,1.0
09/22/2015 00:00,Tue,Heavy,,0.0,Clear,290.86,3,1.0
09/23/2015 00:00,Wed,Heavy,,0.0,,,,1.0
09/24/2015 00:00,Thu,Heavy,,0.0,Clouds,293.22,4,1.0
09/25/2015 00:00,Fri,Heavy,,0.0,Clouds,293.08,3,1.0
09/26/2015 00:00,Sat,Heavy,,0.0,Mist,292.39,5,1.0
09/27/2015 00:00,Sun,Heavy,,0.0,Mist,293.37,5,1.0
09/28/2015 00:00,Mon,Heavy,,0.0,Clouds,294.23,2,1.0
09/29/2015 00:00,Tue,Heavy,,0.0,Clouds,296.22,1,1.0
09/30/2015 00:00,Wed,Heavy,,0.0,Clouds,287.83,7,1.0
10/01/2015 00:00,Thu,Heavy,,0.0,Clouds,285.94,7,1.0
10/02/2015 00:00,Fri,Heavy,,0.0,Clouds,285.69,8,1.0
10/03/2015 00:00,Sat,Heavy,,0.0,Clouds,286.84,9,1.0
10/04/2015 00:00,Sun,Heavy,,0.0,Rain,282.11,7,1.0
10/05/2015 00:00,Mon,Heavy,,0.0,Clouds,286.28,5,1.0
10/06/2015 00:00,Tue,Heavy,,0.0,Haze,287.56,3,1.0
10/07/2015 00:00,Wed,Heavy,,0.0,Clouds,288.05,2,1.0
10/08/2015 00:00,Thu,Heavy,,0.0,Clouds,287.88,5,1.0
10/09/2015 00:00,Fri,Heavy,,0.0,Rain,294.55,4,1.0
10/10/2015 00:00,Sat,Heavy,,0.0,,,,1.0
10/11/2015 00:00,Sun,Heavy,,0.0,Clouds,287.1,3,1.0
10/12/2015 00:00,Mon,Heavy,,0.0,Clouds,294.48,5,1.0
10/13/2015 00:00,Tue,Heavy,,0.0,Clouds,291.51,9,1.0
10/14/2015 00:00,Wed,Heavy,,0.0,Clouds,285.92,6,1.0
10/15/2015 00:00,Thu,Heavy,,0.0,Clear,284.81,2,1.0
10/16/2015 00:00,Fri,Heavy,,0.0,Clear,287.84,9,1.0
10/17/2015 00:00,Sat,Heavy,,0.0,,,,1.0
10/18/2015 00:00,Sun,Heavy,,0.0,Haze,280.45,1,1.0
10/19/2015 00:00,Mon,Heavy,,0.0,Clear,282.14,3,1.0
10/20/2015 00:00,Tue,Heavy,,0.0,Clouds,293.15,7,1.0
10/21/2015 00:00,Wed,Heavy,,0.0,Rain,290.71,2,1.0
10/22/2015 00:00,Thu,Heavy,,0.0,Clouds,294.02,5,1.0
10/23/2015 00:00,Fri,Heavy,,0.0,,,,1.0
10/24/2015 00:00,Sat,Heavy,,0.0,,,,1.0
10/25/2015 00:00,Sun,Heavy,,0.0,,,,1.0
10/26/2015 00:00,Mon,Heavy,,0.0,,,,1.0
10/27/2015 00:00,Tue,Heavy,,0.0,,,,1.0
10/28/2015 00:00,Wed,Heavy,,0.0,Rain,285.05,6,1.0
10/29/2015 00:00,Thu,Heavy,,0.0,Rain,282.16,6,1.0
10/30/2015 00:00,Fri,Heavy,,0.0,Drizzle,280.75,3,1.0
10/31/2015 00:00,Sat,Heavy,,0.0,Clear,283.16,2,1.0
11/01/2015 00:00,Sun,Heavy,,0.0,Mist,283.64,5,1.0
11/02/2015 00:00,Mon,Heavy,,0.0,,,,1.0
11/03/2015 00:00,Tue,Heavy,,0.0,,,,1.0
11/04/2015 00:00,Wed,Heavy,,0.0,Mist,288.96,2,1.0
11/05/2015 00:00,Thu,Heavy,,0.0,Clouds,293.15,4,1.0
11/06/2015 00:00,Fri,Heavy,,0.0,Drizzle,292.76,9,1.0
11/07/2015 00:00,Sat,Heavy,,0.0,,,,1.0
11/08/2015 00:00,Sun,Heavy,,0.0,Clear,281.14,5,1.0
11/09/2015 00:00,Mon,Heavy,,0.0,,,,1.0
11/10/2015 00:00,Tue,Heavy,,0.0,Clear,282.05,1,1.0
11/11/2015 00:00,Wed,Heavy,,0.0,Haze,281.96,1,1.0
11/12/2015 00:00,Thu,Heavy,,0.0,Clouds,289.04,9,1.0
11/13/2015 00:00,Fri,Heavy,,0.0,Clouds,281.15,9,1.0
11/14/2015 00:00,Sat,Heavy,,0.0,Clear,279.04,5,1.0
11/15/2015 00:00,Sun,Heavy,,0.0,Clear,285.38,4,1.0
11/16/2015 00:00,Mon,Heavy,,0.0,Clear,286.46,4,1.0
11/17/2015 00:00,Tue,Heavy,,0.0,,,,1.0
11/18/2015 00:00,Wed,Heavy,,0.0,Rain,287.36,9,1.0
11/19/2015 00:00,Thu,Heavy,,0.0,Clouds,286.05,5,1.0
11/20/2015 00:00,Fri,Heavy,,0.0,Clear,277.45,7,1.0
11/21/2015 00:00,Sat,Heavy,,0.0,,,,1.0
11/22/2015 00:00,Sun,Heavy,,0.0,Snow,270.82,6,1.0
11/23/2015 00:00,Mon,Heavy,,0.0,,,,1.0
11/24/2015 00:00,Tue,Heavy,,0.0,,,,1.0
11/25/2015 00:00,Wed,Heavy,,0.0,Clear,276.28,4,1.0
11/26/2015 00:00,Thu,Heavy,,0.0,Rain,282.93,7,1.0
11/27/2015 00:00,Fri,Heavy,,0.0,Rain,288.63,7,1.0
11/28/2015 00:00,Sat,Heavy,,0.0,Rain,276.04,8,1.0
11/29/2015 00:00,Sun,Heavy,,0.0,Clouds,275.54,5,1.0
11/30/2015 00:00,Mon,Heavy,,0.0,Clouds,276.92,4,1.0
12/01/2015 00:00,Tue,Heavy,,0.0,Rain,279.96,5,1.0
12/02/2015 00:00,Wed,Heavy,,0.0,Clouds,277.26,3,1.0
12/03/2015 00:00,Thu,Heavy,,0.0,Snow,274.15,4,1.0
12/04/2015 00:00,Fri,Heavy,,0.0,,,,1.0
12/05/2015 00:00,Sat,Heavy,,0.0,,,,1.0
12/06/2015 00:00,Sun,Heavy,,0.0,Mist,275.36,6,1.0
12/07/2015 00:00,Mon,Heavy,,0.0,,,,1.0
12/08/2015 00:00,Tue,Heavy,,0.0,,,,1.0
12/09/2015 00:00,Wed,Heavy,,0.0,Mist,280.24,2,1.0
12/10/2015 00:00,Thu,Heavy,,0.0,Clouds,280.75,3,1.0
12/11/2015 00:00,Fri,Heavy,,0.0,Clear,284.36,8,1.0
12/12/2015 00:00,Sat,Heavy,,0.0,Clear,282.34,3,1.0
12/13/2015 00:00,Sun,Heavy,,0.0,Haze,285.73,2,1.0
12/14/2015 00:00,Mon,Heavy,,0.0,Rain,288.27,7,1.0
12/15/2015 00:00,Tue,Heavy,,0.0,,,,1.0
12/16/2015 00:00,Wed,Heavy,,0.0,,,,1.0
12/17/2015 00:00,Thu,Heavy,,0.0,Clouds,279.58,7,1.0
12/18/2015 00:00,Fri,Heavy,,0.0,,,,1.0
12/19/2015 00:00,Sat,Heavy,,0.0,,,,1.0
12/20/2015 00:00,Sun,Heavy,,0.0,,,,1.0
12/21/2015 00:00,Mon,Heavy,,0.0,Clear,281.12,8,1.0
12/22/2015 00:00,Tue,Heavy,,0.0,Rain,282.34,3,1.0
12/23/2015 00:00,Wed,Heavy,,0.0,Mist,275.76,4,1.0
12/24/2015 00:00,Thu,Heavy,,0.0,Rain,286.53,9,1.0
12/25/2015 00:00,Fri,Heavy,,0.0,,,,1.0
12/26/2015 00:00,Sat,Heavy,,0.0,Clouds,275.47,4,1.0
12/27/2015 00:00,Sun,Heavy,,0.0,Rain,279.11,2,1.0
12/28/2015 00:00,Mon,Heavy,,0.0,Clouds,275.36,7,1.0
12/29/2015 00:00,Tue,Heavy,,0.0,Rain,274.53,7,1.0
12/30/2015 00:00,Wed,Heavy,,0.0,Clouds,272.27,5,1.0
12/31/2015 00:00,Thu,Heavy,,0.0,Clouds,271.02,4,1.0
01/01/2016 00:00,Fri,Heavy,,0.0,,,,1.0
01/02/2016 00:00,Sat,Heavy,,0.0,Clear,271.24,6,1.0
01/03/2016 00:00,Sun,Heavy,,0.0,,,,1.0
01/04/2016 00:00,Mon,Heavy,,0.0,Snow,271.12,5,1.0
01/05/2016 00:00,Tue,Heavy,,0.0,,,,1.0
01/06/2016 00:00,Wed,Heavy,,0.0,Clear,272.15,3,1.0
01/07/2016 00:00,Thu,Heavy,,0.0,,,,1.0
01/08/2016 00:00,Fri,Heavy,,0.0,Rain,277.23,3,1.0
01/09/2016 00:00,Sat,Heavy,,0.0,,,,1.0
01/10/2016 00:00,Sun,Heavy,,0.0,Rain,273.88,4,1.0
01/11/2016 00:00,Mon,Heavy,,0.0,,,,1.0
01/12/2016 00:00,Tue,Heavy,,0.0,,,,1.0
01/13/2016 00:00,Wed,Heavy,,0.0,,,,1.0
01/14/2016 00:00,Thu,Heavy,,0.0,Clouds,267.31,4,1.0
01/15/2016 00:00,Fri,Heavy,,0.0,Clear,278.13,5,1.0
01/16/2016 00:00,Sat,Heavy,,0.0,Mist,273.63,6,1.0
01/17/2016 00:00,Sun,Heavy,,0.0,Clouds,269.64,5,1.0
01/18/2016 00:00,Mon,Heavy,,0.0,Clear,257.16,7,1.0
01/19/2016 00:00,Tue,Heavy,,0.0,Clouds,258.65,7,1.0
01/20/2016 00:00,Wed,Heavy,,0.0,Clouds,263.81,4,1.0
01/21/2016 00:00,Thu,Heavy,,0.0,,,,1.0
01/22/2016 00:00,Fri,Heavy,,0.0,Haze,268.7,2,1.0
01/23/2016 00:00,Sat,Heavy,,0.0,Snow,271.49,5,1.0
01/24/2016 00:00,Sun,Heavy,,0.0,Clouds,271.99,2,1.0
01/25/2016 00:00,Mon,Heavy,,0.0,,,,1.0
01/26/2016 00:00,Tue,Heavy,,0.0,Rain,275.83,4,1.0
01/27/2016 00:00,Wed,Heavy,,0.0,Snow,270.86,7,1.0
01/28/2016 00:00,Thu,Heavy,,0.0,Clear,273.65,7,1.0
01/29/2016 00:00,Fri,Heavy,,0.0,,,,1.0
01/30/2016 00:00,Sat,Heavy,,0.0,,,,1.0
01/31/2016 00:00,Sun,Heavy,,0.0,Clouds,277.34,2,1.0
02/01/2016 00:00,Mon,Heavy,,0.0,,,,1.0
02/02/2016 00:00,Tue,Heavy,,0.0,Mist,274.33,2,1.0
02/03/2016 00:00,Wed,Heavy,,0.0,,,,1.0
02/04/2016 00:00,Thu,Heavy,,0.0,,,,1.0
02/05/2016 00:00,Fri,Heavy,,0.0,Clouds,271.67,2,1.0
02/06/2016 00:00,Sat,Heavy,,0.0,Clouds,272.46,3,1.0
02/07/2016 00:00,Sun,Heavy,,0.0,Clouds,275.31,2,1.0
02/08/2016 00:00,Mon,Heavy,,0.0,Clear,277.46,5,1.0
02/09/2016 00:00,Tue,Heavy,,0.0,Snow,270.33,6,1.0
02/10/2016 00:00,Wed,Heavy,,0.0,Snow,264.58,6,1.0
02/11/2016 00:00,Thu,Heavy,,0.0,,,,1.0
02/12/2016 00:00,Fri,Heavy,,0.0,Clouds,266.58,3,1.0
02/13/2016 00:00,Sat,Heavy,,0.0,,,,1.0
02/14/2016 00:00,Sun,Heavy,,0.0,Clear,262.41,3,1.0
02/15/2016 00:00,Mon,Heavy,,0.0,,,,1.0
02/16/2016 00:00,Tue,Heavy,,0.0,,,,1.0
02/17/2016 00:00,Wed,Heavy,,0.0,,,,1.0
02/18/2016 00:00,Thu,Heavy,,0.0,Clear,269.92,2,1.0
02/19/2016 00:00,Fri,Heavy,,0.0,Clouds,276.95,11,1.0
02/20/2016 00:00,Sat,Heavy,,0.0,,,,1.0
02/21/2016 00:00,Sun,Heavy,,0.0,,,,1.0
02/22/2016 00:00,Mon,Heavy,,0.0,,,,1.0
02/23/2016 00:00,Tue,Heavy,,0.0,,,,1.0
02/24/2016 00:00,Wed,Heavy,,0.0,,,,1.0
02/25/2016 00:00,Thu,Heavy,,0.0,Snow,273.78,12,1.0
02/26/2016 00:00,Fri,Heavy,,0.0,Clouds,274.12,6,1.0
02/27/2016 00:00,Sat,Heavy,,0.0,Clouds,273.37,3,1.0
02/28/2016 00:00,Sun,Heavy,,0.0,Clear,283.45,6,1.0
02/29/2016 00:00,Mon,Heavy,,0.0,Rain,287.45,7,1.0
03/01/2016 00:00,Tue,Heavy,,0.0,Clouds,276.76,10,1.0
03/02/2016 00:00,Wed,Heavy,,0.0,Mist,267.75,7,1.0
03/03/2016 00:00,Thu,Heavy,,0.0,,,,1.0
03/04/2016 00:00,Fri,Heavy,,0.0,,,,1.0
03/05/2016 00:00,Sat,Heavy,,0.0,,,,1.0
03/06/2016 00:00,Sun,Heavy,,0.0,,,,1.0
03/07/2016 00:00,Mon,Heavy,,0.0,Clear,283.15,6,1.0
03/08/2016 00:00,Tue,Heavy,,0.0,,,,1.0
03/09/2016 00:00,Wed,Heavy,,0.0,Clear,293.4,7,1.0
03/10/2016 00:00,Thu,Heavy,,0.0,Clouds,288.26,3,1.0
03/11/2016 00:00,Fri,Heavy,,0.0,Clouds,280.58,4,1.0
03/12/2016 00:00,Sat,Heavy,,0.0,Clouds,281.88,3,1.0
03/13/2016 00:00,Sun,Heavy,,0.0,Haze,283.66,3,1.0
03/14/2016 00:00,Mon,Heavy,,0.0,Rain,281.85,2,1.0
03/15/2016 00:00,Tue,Heavy,,0.0,Mist,282.7,2,1.0
03/16/2016 00:00,Wed,Heavy,,0.0,Clear,288.4,7,1.0
03/17/2016 00:00,Thu,Heavy,,0.0,,,,1.0
03/18/2016 00:00,Fri,Heavy,,0.0,Clouds,284.14,4,1.0
03/19/2016 00:00,Sat,Heavy,,0.0,,,,1.0
03/20/2016 00:00,Sun,Heavy,,0.0,Clouds,276.79,4,1.0
03/21/2016 00:00,Mon,Heavy,,0.0,Clouds,277.61,5,1.0
03/22/2016 00:00,Tue,Heavy,,0.0,Clouds,280.87,3,1.0
03/23/2016 00:00,Wed,Heavy,,0.0,Clear,290.21,7,1.0
03/24/2016 00:00,Thu,Heavy,,0.0,Rain,277.95,5,1.0
03/25/2016 00:00,Fri,Heavy,,0.0,,,,1.0
03/26/2016 00:00,Sat,Heavy,,0.0,Clear,278.86,3,1.0
03/27/2016 00:00,Sun,Heavy,,0.0,Clear,283.27,4,1.0
03/28/2016 00:00,Mon,Heavy,,0.0,,,,1.0
03/29/2016 00:00,Tue,Heavy,,0.0,,,,1.0
03/30/2016 00:00,Wed,Heavy,,0.0,,,,1.0
03/31/2016 00:00,Thu,Heavy,,0.0,,,,1.0
04/01/2016 00:00,Fri,Heavy,,0.0,Clouds,284.42,8,1.0
04/02/2016 00:00,Sat,Heavy,,0.0,,,,1.0
04/03/2016 00:00,Sun,Heavy,,0.0,Snow,274.42,10,1.0
04/04/2016 00:00,Mon,Heavy,,0.0,,,,1.0
04/05/2016 00:00,Tue,Heavy,,0.0,,,,1.0
04/06/2016 00:00,Wed,Heavy,,0.0,Rain,279.24,4,1.0
04/07/2016 00:00,Thu,Heavy,,0.0,Rain,280.88,3,1.0
04/08/2016 00:00,Fri,Heavy,,0.0,Clouds,277.18,5,1.0
04/09/2016 00:00,Sat,Heavy,,0.0,Snow,275.25,6,1.0
04/10/2016 00:00,Sun,Heavy,,0.0,Clouds,274.21,6,1.0
04/11/2016 00:00,Mon,Heavy,,0.0,Drizzle,282.17,3,1.0
04/12/2016 00:00,Tue,Heavy,,0.0,,,,1.0
04/13/2016 00:00,Wed,Heavy,,0.0,,,,1.0
04/14/2016 00:00,Thu,Heavy,,0.0,,,,1.0
04/15/2016 00:00,Fri,Heavy,,0.0,Clear,285.46,4,1.0
04/16/2016 00:00,Sat,Heavy,,0.0,Clear,287.99,4,1.0
04/17/2016 00:00,Sun,Heavy,,0.0,Clear,291.22,5,1.0
04/18/2016 00:00,Mon,Heavy,,0.0,Clear,293.78,3,1.0
04/19/2016 00:00,Tue,Heavy,,0.0,Clear,294.87,3,1.0
04/20/2016 00:00,Wed,Heavy,,0.0,Clouds,284.37,3,1.0
04/21/2016 00:00,Thu,Heavy,,0.0,Rain,290.04,5,1.0
04/22/2016 00:00,Fri,Heavy,,0.0,Rain,287.65,3,1.0
04/23/2016 00:00,Sat,Heavy,,0.0,Clear,280.77,6,1.0
04/24/2016 00:00,Sun,Heavy,,0.0,,,,1.0
04/25/2016 00:00,Mon,Heavy,,0.0,,,,1.0
04/26/2016 00:00,Tue,Heavy,,0.0,Rain,297.95,7,1.0
04/27/2016 00:00,Wed,Heavy,,0.0,Haze,279.44,6,1.0
04/28/2016 00:00,Thu,Heavy,,0.0,,,,1.0
04/29/2016 00:00,Fri,Heavy,,0.0,Haze,280.67,4,1.0
04/30/2016 00:00,Sat,Heavy,,0.0,Haze,280.82,4,1.0
05/01/2016 00:00,Sun,Heavy,,0.0,Rain,280.67,7,1.0
05/02/2016 00:00,Mon,Heavy,,0.0,Rain,281.6,7,1.0
05/03/2016 00:00,Tue,Heavy,,0.0,Clouds,285.11,4,1.0
05/04/2016 00:00,Wed,Heavy,,0.0,Clouds,290.65,7,1.0
05/05/2016 00:00,Thu,Heavy,,0.0,Clouds,281.22,6,1.0
05/06/2016 00:00,Fri,Heavy,,0.0,Clouds,286.48,3,1.0
05/07/2016 00:00,Sat,Heavy,,0.0,Clouds,299.52,4,1.0
05/08/2016 00:00,Sun,Heavy,,0.0,Clouds,286.03,6,1.0
05/09/2016 00:00,Mon,Heavy,,0.0,Clouds,290.34,3,1.0
05/10/2016 00:00,Tue,Heavy,,0.0,Rain,284.15,5,1.0
05/11/2016 00:00,Wed,Heavy,,0.0,Rain,288.59,2,1.0
05/12/2016 00:00,Thu,Heavy,,0.0,Clouds,291.97,2,1.0
05/13/2016 00:00,Fri,Heavy,,0.0,Clouds,291.06,7,1.0
05/14/2016 00:00,Sat,Heavy,,0.0,Rain,288.16,3,1.0
05/15/2016 00:00,Sun,Heavy,,0.0,Clouds,280.74,4,1.0
05/16/2016 00:00,Mon,Heavy,,0.0,Clouds,285.68,5,1.0
05/17/2016 00:00,Tue,Heavy,,0.0,Clouds,290.93,4,1.0
05/18/2016 00:00,Wed,Heavy,,0.0,Clouds,284.79,6,1.0
05/19/2016 00:00,Thu,Heavy,,0.0,Clouds,287.55,5,1.0
05/20/2016 00:00,Fri,Heavy,,0.0,Clouds,290.92,3,1.0
05/21/2016 00:00,Sat,Heavy,,0.0,Clouds,289.93,4,1.0
05/22/2016 00:00,Sun,Heavy,,0.0,Clouds,293.9,3,1.0
05/23/2016 00:00,Mon,Heavy,,0.0,Clouds,294.39,4,1.0
05/24/2016 00:00,Tue,Heavy,,0.0,Clouds,298.41,4,1.0
05/25/2016 00:00,Wed,Heavy,,0.0,Clouds,301.37,4,1.0
05/26/2016 00:00,Thu,Heavy,,0.0,Rain,293.61,8,1.0
05/27/2016 00:00,Fri,Heavy,,0.0,Clouds,301.0,3,1.0
05/28/2016 00:00,Sat,Heavy,,0.0,Rain,296.89,4,1.0
05/29/2016 00:00,Sun,Heavy,,0.0,Clouds,299.9,7,1.0
05/30/2016 00:00,Mon,Heavy,,0.0,Clouds,299.04,5,1.0
05/31/2016 00:00,Tue,Heavy,,0.0,Haze,299.26,4,1.0
06/01/2016 00:00,Wed,Heavy,,0.0,Clouds,292.26,1,1.0
06/02/2016 00:00,Thu,Heavy,,0.0,Clouds,298.57,4,1.0
06/03/2016 00:00,Fri,Heavy,,0.0,Clouds,297.65,4,1.0
06/04/2016 00:00,Sat,Heavy,,0.0,Clouds,299.2,5,1.0
06/05/2016 00:00,Sun,Heavy,,0.0,Clouds,294.54,3,1.0
06/06/2016 00:00,Mon,Heavy,,0.0,Rain,298.73,6,1.0
06/07/2016 00:00,Tue,Heavy,,0.0,Clouds,296.55,8,1.0
06/08/2016 00:00,Wed,Heavy,,0.0,Clouds,290.2,3,1.0
06/09/2016 00:00,Thu,Heavy,,0.0,Clear,290.23,0,1.0
06/10/2016 00:00,Fri,Heavy,,0.0,Rain,294.52,1,1.0
06/11/2016 00:00,Sat,Heavy,,0.0,Clear,304.13,4,1.0
06/12/2016 00:00,Sun,Heavy,,0.0,Rain,303.99,2,1.0
06/13/2016 00:00,Mon,Heavy,,0.0,Clear,290.98,4,1.0
06/14/2016 00:00,Tue,Heavy,,0.0,Rain,298.61,2,1.0
06/15/2016 00:00,Wed,Heavy,,0.0,Rain,297.64,0,1.0
06/16/2016 00:00,Thu,Heavy,,0.0,Clear,302.45,1,1.0
06/17/2016 00:00,Fri,Heavy,,0.0,Clear,292.11,3,1.0
06/18/2016 00:00,Sat,Heavy,,0.0,Clear,297.77,3,1.0
06/19/2016 00:00,Sun,Heavy,,0.0,Clear,299.67,2,1.0
06/20/2016 00:00,Mon,Heavy,,0.0,Clear,302.93,3,1.0
06/21/2016 00:00,Tue,Heavy,,0.0,Rain,303.07,3,1.0
06/22/2016 00:00,Wed,Heavy,,0.0,Clear,300.34,4,1.0
06/23/2016 00:00,Thu,Heavy,,0.0,Rain,295.94,2,1.0
06/24/2016 00:00,Fri,Heavy,,0.0,Rain,293.94,3,1.0
06/25/2016 00:00,Sat,Heavy,,0.0,Clouds,298.66,4,1.0
06/26/2016 00:00,Sun,Heavy,,0.0,Clouds,303.76,6,1.0
06/27/2016 00:00,Mon,Heavy,,0.0,Clouds,302.55,4,1.0
06/28/2016 00:00,Tue,Heavy,,0.0,Clouds,298.44,5,1.0
06/29/2016 00:00,Wed,Heavy,,0.0,Clouds,292.26,4,1.0
06/30/2016 00:00,Thu,Heavy,,0.0,,,,1.0
07/01/2016 00:00,Fri,Heavy,,0.0,Clouds,296.91,6,1.0
07/02/2016 00:00,Sat,Heavy,,0.0,Clouds,292.3,6,1.0
07/03/2016 00:00,Sun,Heavy,,0.0,Clouds,294.34,4,1.0
07/04/2016 00:00,Mon,Heavy,,0.0,Clouds,294.81,6,1.0
07/05/2016 00:00,Tue,Heavy,,0.0,Clouds,296.6,4,1.0
07/06/2016 00:00,Wed,Heavy,,0.0,Clouds,301.66,4,1.0
07/07/2016 00:00,Thu,Heavy,,0.0,Clouds,300.86,4,1.0
07/08/2016 00:00,Fri,Heavy,,0.0,Rain,298.17,3,1.0
07/09/2016 00:00,Sat,Heavy,,0.0,Clouds,300.12,6,1.0
07/10/2016 00:00,Sun,Heavy,,0.0,Clouds,296.45,5,1.0
07/11/2016 00:00,Mon,Heavy,,0.0,Clouds,298.36,4,1.0
07/12/2016 00:00,Tue,Heavy,,0.0,Clouds,303.17,5,1.0
07/13/2016 00:00,Wed,Heavy,,0.0,Clouds,301.31,5,1.0
07/14/2016 00:00,Thu,Heavy,,0.0,Rain,298.87,1,1.0
07/15/2016 00:00,Fri,Heavy,,0.0,Clear,298.934,5,1.0
07/16/2016 00:00,Sat,Heavy,,0.0,Clouds,296.48,4,1.0
07/17/2016 00:00,Sun,Heavy,,0.0,Clear,295.994,3,1.0
07/18/2016 00:00,Mon,Heavy,,0.0,Rain,295.85,6,1.0
07/19/2016 00:00,Tue,Heavy,,0.0,Rain,291.638,7,1.0
07/20/2016 00:00,Wed,Heavy,,0.0,Rain,291.638,7,1.0
07/21/2016 00:00,Thu,Heavy,,0.0,Clouds,300.311,3,1.0
07/22/2016 00:00,Fri,Heavy,,0.0,Clouds,304.53,4,1.0
07/23/2016 00:00,Sat,Heavy,,0.0,Rain,303.6,2,1.0
07/24/2016 00:00,Sun,Heavy,,0.0,Rain,298.59,9,1.0
07/25/2016 00:00,Mon,Heavy,,0.0,Rain,301.06,11,1.0
07/26/2016 00:00,Tue,Heavy,,0.0,Clouds,300.64,4,1.0
07/27/2016 00:00,Wed,Heavy,,0.0,Clouds,300.94,4,1.0
07/28/2016 00:00,Thu,Heavy,,0.0,Clouds,301.14,6,1.0
07/29/2016 00:00,Fri,Heavy,,0.0,Clouds,296.79,6,1.0
07/30/2016 00:00,Sat,Heavy,,0.0,Rain,295.34,3,1.0
07/31/2016 00:00,Sun,Heavy,,0.0,Clouds,295.64,4,1.0
08/01/2016 00:00,Mon,Heavy,,0.0,Clouds,296.94,3,2.0
08/02/2016 00:00,Tue,Heavy,,0.0,Clouds,298.56,4,2.0
08/03/2016 00:00,Wed,Heavy,,0.0,Clouds,300.41,4,2.0
08/04/2016 00:00,Thu,Heavy,,0.0,Rain,301.53,1,2.0
08/05/2016 00:00,Fri,Heavy,,0.0,Clouds,302.4,3,2.0
08/06/2016 00:00,Sat,Heavy,,0.0,Clear,299.07,2,2.0
08/07/2016 00:00,Sun,Heavy,,0.0,Rain,297.71,1,2.0
08/08/2016 00:00,Mon,Heavy,,0.0,Rain,296.98,3,2.0
08/09/2016 00:00,Tue,Heavy,,0.0,Rain,298.71,3,2.0
08/10/2016 00:00,Wed,Heavy,,0.0,Clear,300.399,3,2.0
08/11/2016 00:00,Thu,Heavy,,0.0,Clear,301.6,2,2.0
08/12/2016 00:00,Fri,Heavy,,0.0,Clear,300.73,1,2.0
08/13/2016 00:00,Sat,Heavy,,0.0,Rain,298.15,0,2.0
08/14/2016 00:00,Sun,Heavy,,0.0,Clouds,299.31,1,2.0
08/15/2016 00:00,Mon,Heavy,,0.0,Clouds,299.07,2,2.0
08/16/2016 00:00,Tue,Heavy,,0.0,Rain,296.48,2,2.0
08/17/2016 00:00,Wed,Heavy,,0.0,Rain,299.7,0,2.0
08/18/2016 00:00,Thu,Heavy,,0.0,Clouds,299.97,1,2.0
08/19/2016 00:00,Fri,Heavy,,0.0,Rain,300.65,0,2.0
08/20/2016 00:00,Sat,Heavy,,0.0,Clear,299.68,0,2.0
08/21/2016 00:00,Sun,Heavy,,0.0,Rain,294.9,6,2.0
08/22/2016 00:00,Mon,Heavy,,0.0,Clouds,294.73,5,2.0
08/23/2016 00:00,Tue,Heavy,,0.0,Clouds,296.59,5,2.0
08/24/2016 00:00,Wed,Heavy,,0.0,Clouds,297.98,5,2.0
08/25/2016 00:00,Thu,Heavy,,0.0,Clouds,300.36,3,2.0
08/26/2016 00:00,Fri,Heavy,,0.0,Rain,298.06,3,2.0
08/27/2016 00:00,Sat,Heavy,,0.0,Clouds,295.86,3,2.0
08/28/2016 00:00,Sun,Heavy,,0.0,Clouds,299.94,3,2.0
08/29/2016 00:00,Mon,Heavy,,0.0,Rain,296.86,4,2.0
08/30/2016 00:00,Tue,Heavy,,0.0,Rain,297.43,3,2.0
08/31/2016 00:00,Wed,Heavy,,0.0,Clouds,297.45,3,2.0
09/01/2016 00:00,Thu,Heavy,,0.0,Clouds,294.46,4,1.0
09/02/2016 00:00,Fri,Heavy,,0.0,Clouds,292.93,8,1.0
09/03/2016 00:00,Sat,Heavy,,0.0,Clouds,293.68,6,1.0
09/04/2016 00:00,Sun,Heavy,,0.0,Clouds,294.08,4,1.0
09/05/2016 00:00,Mon,Heavy,,0.0,Clouds,296.28,3,1.0
09/06/2016 00:00,Tue,Heavy,,0.0,Clouds,301.72,4,1.0
09/07/2016 00:00,Wed,Heavy,,0.0,Clouds,303.59,5,1.0
09/08/2016 00:00,Thu,Heavy,,0.0,Rain,301.76,5,1.0
09/09/2016 00:00,Fri,Heavy,,0.0,Clouds,298.96,2,1.0
09/10/2016 00:00,Sat,Heavy,,0.0,Rain,295.26,2,1.0
09/11/2016 00:00,Sun,Heavy,,0.0,Clouds,293.2,5,1.0
09/12/2016 00:00,Mon,Heavy,,0.0,Clouds,293.56,2,1.0
09/13/2016 00:00,Tue,Heavy,,0.0,Clouds,296.2,3,1.0
09/14/2016 00:00,Wed,Heavy,,0.0,Rain,298.13,3,1.0
09/15/2016 00:00,Thu,Heavy,,0.0,Clouds,293.06,4,1.0
09/16/2016 00:00,Fri,Heavy,,0.0,Clouds,295.04,4,1.0
09/17/2016 00:00,Sat,Heavy,,0.0,Clouds,298.26,3,1.0
09/18/2016 00:00,Sun,Heavy,,0.0,Clouds,296.45,5,1.0
09/19/2016 00:00,Mon,Heavy,,0.0,Clouds,297.01,2,1.0
09/20/2016 00:00,Tue,Heavy,,0.0,Clouds,298.89,3,1.0
09/21/2016 00:00,Wed,Heavy,,0.0,Clear,297.71,1,1.0
09/22/2016 00:00,Thu,Heavy,,0.0,Clouds,293.83,0,1.0
09/23/2016 00:00,Fri,Heavy,,0.0,Clouds,297.16,2,1.0
09/24/2016 00:00,Sat,Heavy,,0.0,Rain,293.77,2,1.0
09/25/2016 00:00,Sun,Heavy,,0.0,Clouds,293.32,2,1.0
09/26/2016 00:00,Mon,Heavy,,0.0,Rain,296.96,4,1.0
09/27/2016 00:00,Tue,Heavy,,0.0,Clear,290.2,3,1.0
09/28/2016 00:00,Wed,Heavy,,0.0,Clouds,289.58,2,1.0
09/29/2016 00:00,Thu,Heavy,,0.0,Rain,286.55,2,1.0
09/30/2016 00:00,Fri,Heavy,,0.0,Rain,289.81,4,1.0
10/01/2016 00:00,Sat,Heavy,,0.0,Rain,289.87,3,1.0
10/02/2016 00:00,Sun,Heavy,,0.0,Rain,288.64,1,1.0
10/03/2016 00:00,Mon,Heavy,,0.0,Rain,289.02,0,1.0
10/04/2016 00:00,Tue,Heavy,,0.0,Clear,290.14,1,1.0
10/05/2016 00:00,Wed,Heavy,,0.0,Clouds,292.37,2,1.0
10/06/2016 00:00,Thu,Heavy,,0.0,Clouds,294.08099999999996,3,1.0
10/07/2016 00:00,Fri,Heavy,,0.0,Rain,292.194,1,1.0
10/08/2016 00:00,Sat,Heavy,,0.0,Clouds,287.112,6,1.0
10/09/2016 00:00,Sun,Heavy,,0.0,Clear,288.094,3,1.0
10/10/2016 00:00,Mon,Heavy,,0.0,Clear,287.953,3,1.0
10/11/2016 00:00,Tue,Heavy,,0.0,Clouds,291.115,2,1.0
10/12/2016 00:00,Wed,Heavy,,0.0,Clear,292.29400000000004,4,1.0
10/13/2016 00:00,Thu,Heavy,,0.0,Rain,285.153,7,1.0
10/14/2016 00:00,Fri,Heavy,,0.0,Clear,283.095,0,1.0
10/15/2016 00:00,Sat,Heavy,,0.0,Clear,289.664,5,1.0
10/16/2016 00:00,Sun,Heavy,,0.0,Clouds,293.185,6,1.0
10/17/2016 00:00,Mon,Heavy,,0.0,Rain,291.871,2,1.0
10/18/2016 00:00,Tue,Heavy,,0.0,Clear,295.94,7,1.0
10/19/2016 00:00,Wed,Heavy,,0.0,Clear,290.934,2,1.0
10/20/2016 00:00,Thu,Heavy,,0.0,Clouds,289.82099999999997,3,1.0
10/21/2016 00:00,Fri,Heavy,,0.0,Clouds,285.832,8,1.0
10/22/2016 00:00,Sat,Heavy,,0.0,Clear,283.038,6,1.0
10/23/2016 00:00,Sun,Heavy,,0.0,Clear,287.119,4,1.0
10/24/2016 00:00,Mon,Heavy,,0.0,Clear,289.56,7,1.0
10/25/2016 00:00,Tue,Heavy,,0.0,Clear,283.061,3,1.0
10/26/2016 00:00,Wed,Heavy,,0.0,Clear,283.551,4,1.0
10/27/2016 00:00,Thu,Heavy,,0.0,Rain,284.328,7,1.0
10/28/2016 00:00,Fri,Heavy,,0.0,Clear,282.66200000000003,2,1.0
10/29/2016 00:00,Sat,Heavy,,0.0,Clouds,290.948,7,1.0
10/30/2016 00:00,Sun,Heavy,,0.0,Clouds,290.937,1,1.0
10/31/2016 00:00,Mon,Heavy,,0.0,Clear,283.649,3,1.0
11/01/2016 00:00,Tue,Heavy,,0.0,Clouds,287.953,6,1.0
11/02/2016 00:00,Wed,Heavy,,0.0,Haze,291.94,3,1.0
11/03/2016 00:00,Thu,Heavy,,0.0,Thunderstorm,288.76,3,1.0
11/04/2016 00:00,Fri,Heavy,,0.0,Clear,286.64,1,1.0
11/05/2016 00:00,Sat,Heavy,,0.0,Clear,284.58,2,1.0
11/06/2016 00:00,Sun,Heavy,,0.0,Clear,289.14,3,1.0
11/07/2016 00:00,Mon,Heavy,,0.0,Haze,287.48,2,1.0
11/08/2016 00:00,Tue,Heavy,,0.0,Clear,287.7,1,1.0
11/09/2016 00:00,Wed,Heavy,,0.0,Clouds,284.95,3,1.0
11/10/2016 00:00,Thu,Heavy,,0.0,Clear,282.85,2,1.0
11/11/2016 00:00,Fri,Heavy,,0.0,Clear,288.48,5,1.0
11/12/2016 00:00,Sat,Heavy,,0.0,Clear,280.65,6,1.0
11/13/2016 00:00,Sun,Heavy,,0.0,Clear,281.37,2,1.0
11/14/2016 00:00,Mon,Heavy,,0.0,Clear,283.64,4,1.0
11/15/2016 00:00,Tue,Heavy,,0.0,Clear,285.38,3,1.0
11/16/2016 00:00,Wed,Heavy,,0.0,Mist,281.85,1,1.0
11/17/2016 00:00,Thu,Heavy,,0.0,Mist,282.81,2,1.0
11/18/2016 00:00,Fri,Heavy,,0.0,Clouds,291.85,5,1.0
11/19/2016 00:00,Sat,Heavy,,0.0,Clouds,282.6,7,1.0
11/20/2016 00:00,Sun,Heavy,,0.0,Clouds,274.45,6,1.0
11/21/2016 00:00,Mon,Heavy,,0.0,Clouds,271.75,3,1.0
11/22/2016 00:00,Tue,Heavy,,0.0,Clouds,273.59,2,1.0
11/23/2016 00:00,Wed,Heavy,,0.0,Clouds,276.55,4,1.0
11/24/2016 00:00,Thu,Heavy,,0.0,Drizzle,279.75,4,1.0
11/25/2016 00:00,Fri,Heavy,,0.0,Clouds,276.38,1,1.0
11/26/2016 00:00,Sat,Heavy,,0.0,Clouds,277.59,5,1.0
11/27/2016 00:00,Sun,Heavy,,0.0,Clear,278.65,4,1.0
11/28/2016 00:00,Mon,Heavy,,0.0,Mist,278.85,4,1.0
11/29/2016 00:00,Tue,Heavy,,0.0,Rain,283.59,6,1.0
11/30/2016 00:00,Wed,Heavy,,0.0,Clouds,284.65,5,1.0
12/01/2016 00:00,Thu,Heavy,,0.0,Rain,276.05,6,1.0
12/02/2016 00:00,Fri,Heavy,,0.0,Rain,276.82,5,1.0
12/03/2016 00:00,Sat,Heavy,,0.0,Clouds,276.26,4,1.0
12/04/2016 00:00,Sun,Heavy,,0.0,Haze,272.85,1,1.0
12/05/2016 00:00,Mon,Heavy,,0.0,Snow,273.55,7,1.0
12/06/2016 00:00,Tue,Heavy,,0.0,Mist,273.65,2,1.0
12/07/2016 00:00,Wed,Heavy,,0.0,Clear,273.92,6,1.0
12/08/2016 00:00,Thu,Heavy,,0.0,Clouds,269.85,7,1.0
12/09/2016 00:00,Fri,Heavy,,0.0,Snow,267.59,6,1.0
12/10/2016 00:00,Sat,Heavy,,0.0,Clear,267.72,2,1.0
12/11/2016 00:00,Sun,Heavy,,0.0,Snow,268.16,1,1.0
12/12/2016 00:00,Mon,Heavy,,0.0,Snow,273.7,3,1.0
12/13/2016 00:00,Tue,Heavy,,0.0,Clear,263.94,3,1.0
12/14/2016 00:00,Wed,Heavy,,0.0,Clear,261.742,6,1.0
12/15/2016 00:00,Thu,Heavy,,0.0,Clear,262.26,8,1.0
12/16/2016 00:00,Fri,Heavy,,0.0,Clouds,258.93,5,1.0
12/17/2016 00:00,Sat,Heavy,,0.0,Snow,265.93,3,1.0
12/18/2016 00:00,Sun,Heavy,,0.0,Snow,266.37,6,1.0
12/19/2016 00:00,Mon,Heavy,,0.0,Clear,254.55,2,1.0
12/20/2016 00:00,Tue,Heavy,,0.0,Clear,262.03,5,1.0
12/21/2016 00:00,Wed,Heavy,,0.0,Clouds,269.92,5,1.0
12/22/2016 00:00,Thu,Heavy,,0.0,Clouds,275.05,5,1.0
12/23/2016 00:00,Fri,Heavy,,0.0,Clear,272.56,2,1.0
12/24/2016 00:00,Sat,Heavy,,0.0,Snow,274.55,2,1.0
12/25/2016 00:00,Sun,Heavy,,0.0,Haze,275.15,1,1.0
12/26/2016 00:00,Mon,Heavy,,0.0,Rain,274.75,5,1.0
12/27/2016 00:00,Tue,Heavy,,0.0,Haze,279.25,6,1.0
12/28/2016 00:00,Wed,Heavy,,0.0,Clear,271.25,2,1.0
12/29/2016 00:00,Thu,Heavy,,0.0,Clouds,277.37,4,1.0
12/30/2016 00:00,Fri,Heavy,,0.0,Snow,274.55,11,1.0
12/31/2016 00:00,Sat,Heavy,,0.0,Clear,272.26,4,1.0
01/01/2017 00:00,Sun,Heavy,,0.0,Clouds,274.06,4,1.0
01/02/2017 00:00,Mon,Heavy,,0.0,Clear,273.49,2,1.0
01/03/2017 00:00,Tue,Heavy,,0.0,Rain,276.75,2,1.0
01/04/2017 00:00,Wed,Heavy,,0.0,Mist,275.59,6,1.0
01/05/2017 00:00,Thu,Heavy,,0.0,Clear,264.38,8,1.0
01/06/2017 00:00,Fri,Heavy,,0.0,Clouds,261.74,3,1.0
01/07/2017 00:00,Sat,Heavy,,0.0,Clear,258.94,2,1.0
01/08/2017 00:00,Sun,Heavy,,0.0,Clouds,264.04,8,1.0
01/09/2017 00:00,Mon,Heavy,,0.0,Clear,264.26,4,1.0
01/10/2017 00:00,Tue,Heavy,,0.0,Snow,270.55,5,1.0
01/11/2017 00:00,Wed,Heavy,,0.0,Clouds,277.26,14,1.0
01/12/2017 00:00,Thu,Heavy,,0.0,Thunderstorm,278.67,4,1.0
01/13/2017 00:00,Fri,Heavy,,0.0,Clear,269.15,3,1.0
01/14/2017 00:00,Sat,Heavy,,0.0,Clouds,269.06,2,1.0
01/15/2017 00:00,Sun,Heavy,,0.0,Haze,272.55,2,1.0
01/16/2017 00:00,Mon,Heavy,,0.0,Haze,273.49,2,1.0
01/17/2017 00:00,Tue,Heavy,,0.0,Rain,275.61,3,1.0
01/18/2017 00:00,Wed,Heavy,,0.0,Mist,275.37,5,1.0
01/19/2017 00:00,Thu,Heavy,,0.0,Clouds,275.55,2,1.0
01/20/2017 00:00,Fri,Heavy,,0.0,Rain,277.37,3,1.0
01/21/2017 00:00,Sat,Heavy,,0.0,Mist,278.73,1,1.0
01/22/2017 00:00,Sun,Heavy,,0.0,Clear,285.06,2,1.0
01/23/2017 00:00,Mon,Heavy,,0.0,Rain,278.59,3,1.0
01/24/2017 00:00,Tue,Heavy,,0.0,Clouds,278.04,4,1.0
01/25/2017 00:00,Wed,Heavy,,0.0,Clouds,276.283,2,1.0
01/26/2017 00:00,Thu,Heavy,,0.0,Rain,276.66,7,1.0
01/27/2017 00:00,Fri,Heavy,,0.0,Snow,274.15,4,1.0
01/28/2017 00:00,Sat,Heavy,,0.0,Snow,270.14,6,1.0
01/29/2017 00:00,Sun,Heavy,,0.0,Haze,271.15,3,1.0
01/30/2017 00:00,Mon,Heavy,,0.0,Snow,269.65,4,1.0
01/31/2017 00:00,Tue,Heavy,,0.0,Clouds,272.45,5,1.0
02/01/2017 00:00,Wed,Heavy,,0.0,Clear,276.45,4,1.0
02/02/2017 00:00,Thu,Heavy,,0.0,Clouds,274.25,7,1.0
02/03/2017 00:00,Fri,Heavy,,0.0,Clouds,267.55,6,1.0
02/04/2017 00:00,Sat,Heavy,,0.0,Clear,269.82,3,1.0
02/05/2017 00:00,Sun,Heavy,,0.0,Clouds,273.6,7,1.0
02/06/2017 00:00,Mon,Heavy,,0.0,Clouds,274.06,2,1.0
02/07/2017 00:00,Tue,Heavy,,0.0,Mist,280.94,4,1.0
02/08/2017 00:00,Wed,Heavy,,0.0,Mist,279.27,7,1.0
02/09/2017 00:00,Thu,Heavy,,0.0,Clouds,270.59,4,1.0
02/10/2017 00:00,Fri,Heavy,,0.0,Clear,267.26,4,1.0
02/11/2017 00:00,Sat,Heavy,,0.0,Clouds,277.25,4,1.0
02/12/2017 00:00,Sun,Heavy,,0.0,Haze,278.95,3,1.0
02/13/2017 00:00,Mon,Heavy,,0.0,Clear,277.85,8,1.0
02/14/2017 00:00,Tue,Heavy,,0.0,,,,1.0
02/15/2017 00:00,Wed,Heavy,,0.0,Clear,277.712,6,1.0
02/16/2017 00:00,Thu,Heavy,,0.0,Clouds,272.39099999999996,6,1.0
02/17/2017 00:00,Fri,Heavy,,0.0,Clouds,275.555,3,1.0
02/18/2017 00:00,Sat,Heavy,,0.0,Clear,282.933,6,1.0
02/19/2017 00:00,Sun,Heavy,,0.0,Clear,279.931,1,1.0
02/20/2017 00:00,Mon,Heavy,,0.0,Clear,279.717,2,1.0
02/21/2017 00:00,Tue,Heavy,,0.0,Clouds,284.248,6,1.0
02/22/2017 00:00,Wed,Heavy,,0.0,Clear,290.17,1,1.0
02/23/2017 00:00,Thu,Heavy,,0.0,Haze,291.56,6,1.0
02/24/2017 00:00,Fri,Heavy,,0.0,Rain,276.65,7,1.0
02/25/2017 00:00,Sat,Heavy,,0.0,Mist,277.95,4,1.0
02/26/2017 00:00,Sun,Heavy,,0.0,Clouds,270.45,7,1.0
02/27/2017 00:00,Mon,Heavy,,0.0,Clouds,281.37,4,1.0
02/28/2017 00:00,Tue,Heavy,,0.0,Clouds,284.16,3,1.0
03/01/2017 00:00,Wed,Heavy,,0.0,Thunderstorm,287.7,7,1.0
03/02/2017 00:00,Thu,Heavy,,0.0,Snow,273.95,8,1.0
03/03/2017 00:00,Fri,Heavy,,0.0,Snow,272.59,5,1.0
03/04/2017 00:00,Sat,Heavy,,0.0,Clouds,271.95,3,1.0
03/05/2017 00:00,Sun,Heavy,,0.0,Clouds,275.55,7,1.0
03/06/2017 00:00,Mon,Heavy,,0.0,Clouds,286.04,7,1.0
03/07/2017 00:00,Tue,Heavy,,0.0,Rain,288.04,12,1.0
03/08/2017 00:00,Wed,Heavy,,0.0,Clouds,282.16,6,1.0
03/09/2017 00:00,Thu,Heavy,,0.0,Clouds,282.85,8,1.0
03/10/2017 00:00,Fri,Heavy,,0.0,Clouds,275.55,3,1.0
03/11/2017 00:00,Sat,Heavy,,0.0,Clouds,269.75,5,1.0
03/12/2017 00:00,Sun,Heavy,,0.0,Clouds,269.65,3,1.0
03/13/2017 00:00,Mon,Heavy,,0.0,Clouds,273.15,6,1.0
03/14/2017 00:00,Tue,Heavy,,0.0,Snow,271.65,9,1.0
03/15/2017 00:00,Wed,Heavy,,0.0,Snow,268.55,7,1.0
03/16/2017 00:00,Thu,Heavy,,0.0,Clouds,272.05,4,1.0
03/17/2017 00:00,Fri,Heavy,,0.0,Clouds,276.69,4,1.0
03/18/2017 00:00,Sat,Heavy,,0.0,Haze,281.15,3,1.0
03/19/2017 00:00,Sun,Heavy,,0.0,Clouds,278.05,4,1.0
03/20/2017 00:00,Mon,Heavy,,0.0,Clouds,282.59,5,1.0
03/21/2017 00:00,Tue,Heavy,,0.0,Mist,280.85,5,1.0
03/22/2017 00:00,Wed,Heavy,,0.0,Clouds,275.92,6,1.0
03/23/2017 00:00,Thu,Heavy,,0.0,Clear,273.85,4,1.0
03/24/2017 00:00,Fri,Heavy,,0.0,Clouds,282.16,4,1.0
03/25/2017 00:00,Sat,Heavy,,0.0,Haze,290.72,2,1.0
03/26/2017 00:00,Sun,Heavy,,0.0,Rain,280.15,4,1.0
03/27/2017 00:00,Mon,Heavy,,0.0,Rain,286.61,3,1.0
03/28/2017 00:00,Tue,Heavy,,0.0,Mist,280.76,4,1.0
03/29/2017 00:00,Wed,Heavy,,0.0,Mist,279.75,4,1.0
03/30/2017 00:00,Thu,Heavy,,0.0,Rain,281.64,6,1.0
03/31/2017 00:00,Fri,Heavy,,0.0,Mist,280.07,5,1.0
04/01/2017 00:00,Sat,Heavy,,0.0,Clouds,278.36,8,1.0
04/02/2017 00:00,Sun,Heavy,,0.0,Clear,284.65,4,1.0
04/03/2017 00:00,Mon,Heavy,,0.0,Rain,286.27,2,1.0
04/04/2017 00:00,Tue,Heavy,,0.0,Mist,283.75,4,1.0
04/05/2017 00:00,Wed,Heavy,,0.0,Clouds,284.25,4,1.0
04/06/2017 00:00,Thu,Heavy,,0.0,Rain,277.93,13,1.0
04/07/2017 00:00,Fri,Heavy,,0.0,Clouds,280.15,8,1.0
04/08/2017 00:00,Sat,Heavy,,0.0,Clear,283.23,4,1.0
04/09/2017 00:00,Sun,Heavy,,0.0,Clouds,290.35,7,1.0
04/10/2017 00:00,Mon,Heavy,,0.0,Clouds,296.45,7,1.0
04/11/2017 00:00,Tue,Heavy,,0.0,Thunderstorm,287.41,9,1.0
04/12/2017 00:00,Wed,Heavy,,0.0,Clouds,284.26,7,1.0
04/13/2017 00:00,Thu,Heavy,,0.0,Clouds,283.26,5,1.0
04/14/2017 00:00,Fri,Heavy,,0.0,Mist,286.74,4,1.0
04/15/2017 00:00,Sat,Heavy,,0.0,Rain,290.84,3,1.0
04/16/2017 00:00,Sun,Heavy,,0.0,Clouds,298.14,7,1.0
04/17/2017 00:00,Mon,Heavy,,0.0,Clouds,293.26,4,1.0
04/18/2017 00:00,Tue,Heavy,,0.0,Clouds,286.57,4,1.0
04/19/2017 00:00,Wed,Heavy,,0.0,Clouds,296.65,6,1.0
04/20/2017 00:00,Thu,Heavy,,0.0,Clouds,283.15,6,1.0
04/21/2017 00:00,Fri,Heavy,,0.0,Clouds,287.75,8,1.0
04/22/2017 00:00,Sat,Heavy,,0.0,Clouds,282.35,6,1.0
04/23/2017 00:00,Sun,Heavy,,0.0,Clouds,285.55,4,1.0
04/24/2017 00:00,Mon,Heavy,,0.0,Clouds,290.82,4,1.0
04/25/2017 00:00,Tue,Heavy,,0.0,Clouds,291.45,4,1.0
04/26/2017 00:00,Wed,Heavy,,0.0,Clouds,297.37,6,1.0
04/27/2017 00:00,Thu,Heavy,,0.0,Clouds,293.45,2,1.0
04/28/2017 00:00,Fri,Heavy,,0.0,Clouds,281.25,7,1.0
04/29/2017 00:00,Sat,Heavy,,0.0,Haze,285.86,3,1.0
04/30/2017 00:00,Sun,Heavy,,0.0,Rain,278.37,9,1.0
05/01/2017 00:00,Mon,Heavy,,0.0,Rain,280.15,5,1.0
05/02/2017 00:00,Tue,Heavy,,0.0,Rain,282.93,8,1.0
05/03/2017 00:00,Wed,Heavy,,0.0,Clouds,282.16,4,1.0
05/04/2017 00:00,Thu,Heavy,,0.0,Clouds,283.94,3,1.0
05/05/2017 00:00,Fri,Heavy,,0.0,Clouds,282.48,9,1.0
05/06/2017 00:00,Sat,Heavy,,0.0,Clouds,285.65,5,1.0
05/07/2017 00:00,Sun,Heavy,,0.0,Clouds,284.65,6,1.0
05/08/2017 00:00,Mon,Heavy,,0.0,Clouds,281.59,4,1.0
05/09/2017 00:00,Tue,Heavy,,0.0,Clouds,283.12,4,1.0
05/10/2017 00:00,Wed,Heavy,,0.0,Clouds,287.13,4,1.0
05/11/2017 00:00,Thu,Heavy,,0.0,Mist,286.14,5,1.0
05/12/2017 00:00,Fri,Heavy,,0.0,Clouds,289.77,3,1.0
05/13/2017 00:00,Sat,Heavy,,0.0,Clear,290.54,4,1.0
05/14/2017 00:00,Sun,Heavy,,0.0,Clouds,299.04,5,1.0
05/15/2017 00:00,Mon,Heavy,,0.0,Clear,288.75,5,1.0
05/16/2017 00:00,Tue,Heavy,,0.0,Clouds,300.81,2,1.0
05/17/2017 00:00,Wed,Heavy,,0.0,Clouds,302.7,7,1.0
05/18/2017 00:00,Thu,Heavy,,0.0,Clouds,300.94,13,1.0
05/19/2017 00:00,Fri,Heavy,,0.0,Clear,298.25,6,1.0
05/20/2017 00:00,Sat,Heavy,,0.0,Drizzle,281.26,8,1.0
05/21/2017 00:00,Sun,Heavy,,0.0,Rain,291.76,2,1.0
05/22/2017 00:00,Mon,Heavy,,0.0,Clouds,285.85,6,1.0
05/23/2017 00:00,Tue,Heavy,,0.0,Clouds,294.03,7,1.0
05/24/2017 00:00,Wed,Heavy,,0.0,Rain,287.48,1,1.0
05/25/2017 00:00,Thu,Heavy,,0.0,Rain,286.99,4,1.0
05/26/2017 00:00,Fri,Heavy,,0.0,Clouds,291.35,3,1.0
05/27/2017 00:00,Sat,Heavy,,0.0,Rain,288.26,2,1.0
05/28/2017 00:00,Sun,Heavy,,0.0,Clear,295.24,3,1.0
05/29/2017 00:00,Mon,Heavy,,0.0,Clouds,296.92,5,1.0
05/30/2017 00:00,Tue,Heavy,,0.0,Clouds,296.25,10,1.0
05/31/2017 00:00,Wed,Heavy,,0.0,Rain,294.46,3,1.0
06/01/2017 00:00,Thu,Heavy,,0.0,Clouds,295.56,5,1.0
06/02/2017 00:00,Fri,Heavy,,0.0,Clear,297.48,1,1.0
06/03/2017 00:00,Sat,Heavy,,0.0,Clear,301.04,2,1.0
06/04/2017 00:00,Sun,Heavy,,0.0,Clear,301.48,2,1.0
06/05/2017 00:00,Mon,Heavy,,0.0,Clear,304.94,3,1.0
06/06/2017 00:00,Tue,Heavy,,0.0,Clear,292.66,7,1.0
06/07/2017 00:00,Wed,Heavy,,0.0,Clear,294.24,6,1.0
06/08/2017 00:00,Thu,Heavy,,0.0,Clear,295.93,2,1.0
06/09/2017 00:00,Fri,Heavy,,0.0,Rain,299.15,3,1.0
06/10/2017 00:00,Sat,Heavy,,0.0,Clouds,298.44,5,1.0
06/11/2017 00:00,Sun,Heavy,,0.0,Clear,304.78,6,1.0
06/12/2017 00:00,Mon,Heavy,,0.0,Clear,305.82,6,1.0
06/13/2017 00:00,Tue,Heavy,,0.0,Clear,307.15,4,1.0
06/14/2017 00:00,Wed,Heavy,,0.0,Rain,296.57,4,1.0
06/15/2017 00:00,Thu,Heavy,,0.0,Thunderstorm,294.15,2,1.0
06/16/2017 00:00,Fri,Heavy,,0.0,Clear,304.92,2,1.0
06/17/2017 00:00,Sat,Heavy,,0.0,Clouds,302.54,3,1.0
06/18/2017 00:00,Sun,Heavy,,0.0,Rain,300.3,6,1.0
06/19/2017 00:00,Mon,Heavy,,0.0,Clouds,297.64,6,1.0
06/20/2017 00:00,Tue,Heavy,,0.0,Thunderstorm,293.25,1,1.0
06/21/2017 00:00,Wed,Heavy,,0.0,Rain,291.92,3,1.0
06/22/2017 00:00,Thu,Heavy,,0.0,Clouds,298.48,3,1.0
06/23/2017 00:00,Fri,Heavy,,0.0,Clouds,301.85,9,1.0
06/24/2017 00:00,Sat,Heavy,,0.0,Clouds,299.44,5,1.0
06/25/2017 00:00,Sun,Heavy,,0.0,Clouds,295.55,9,1.0
06/26/2017 00:00,Mon,Heavy,,0.0,Clouds,293.65,7,1.0
06/27/2017 00:00,Tue,Heavy,,0.0,Clouds,293.55,7,1.0
06/28/2017 00:00,Wed,Heavy,,0.0,Clear,296.93,2,1.0
06/29/2017 00:00,Thu,Heavy,,0.0,Rain,298.45,7,1.0
06/30/2017 00:00,Fri,Heavy,,0.0,Clouds,298.25,2,1.0
07/01/2017 00:00,Sat,Heavy,,0.0,Drizzle,298.83,3,1.0
07/02/2017 00:00,Sun,Heavy,,0.0,Clouds,299.85,7,1.0
07/03/2017 00:00,Mon,Heavy,,0.0,Thunderstorm,301.17,5,1.0
07/04/2017 00:00,Tue,Heavy,,0.0,Thunderstorm,296.45,3,1.0
07/05/2017 00:00,Wed,Heavy,,0.0,Clear,299.82,4,1.0
07/06/2017 00:00,Thu,Heavy,,0.0,Thunderstorm,300.82,2,1.0
07/07/2017 00:00,Fri,Heavy,,0.0,Clear,305.25,5,1.0
07/08/2017 00:00,Sat,Heavy,,0.0,Clouds,298.44,4,1.0
07/09/2017 00:00,Sun,Heavy,,0.0,Clear,297.25,2,1.0
07/10/2017 00:00,Mon,Heavy,,0.0,Clouds,302.04,3,1.0
07/11/2017 00:00,Tue,Heavy,,0.0,Rain,300.38,2,1.0
07/12/2017 00:00,Wed,Heavy,,0.0,Clear,299.71,2,1.0
07/13/2017 00:00,Thu,Heavy,,0.0,Clouds,299.55,2,1.0
07/14/2017 00:00,Fri,Heavy,,0.0,Clouds,300.76,5,1.0
07/15/2017 00:00,Sat,Heavy,,0.0,Clouds,293.93,4,1.0
07/16/2017 00:00,Sun,Heavy,,0.0,Clouds,298.75,3,1.0
07/17/2017 00:00,Mon,Heavy,,0.0,Clouds,294.44,4,1.0
07/18/2017 00:00,Tue,Heavy,,0.0,Clouds,297.61,2,1.0
07/19/2017 00:00,Wed,Heavy,,0.0,Clouds,302.48,2,1.0
07/20/2017 00:00,Thu,Heavy,,0.0,Rain,300.79,2,1.0
07/21/2017 00:00,Fri,Heavy,,0.0,Clouds,301.25,2,1.0
07/22/2017 00:00,Sat,Heavy,,0.0,Clouds,300.49,2,1.0
07/23/2017 00:00,Sun,Heavy,,0.0,Clouds,301.75,1,1.0
07/24/2017 00:00,Mon,Heavy,,0.0,Rain,295.46,3,1.0
07/25/2017 00:00,Tue,Heavy,,0.0,Clouds,295.44,2,1.0
07/26/2017 00:00,Wed,Heavy,,0.0,Clouds,298.66,3,1.0
07/27/2017 00:00,Thu,Heavy,,0.0,Haze,300.45,2,1.0
07/28/2017 00:00,Fri,Heavy,,0.0,Clouds,298.62,7,1.0
07/29/2017 00:00,Sat,Heavy,,0.0,Clear,297.52,5,1.0
07/30/2017 00:00,Sun,Heavy,,0.0,Clear,297.34,4,1.0
07/31/2017 00:00,Mon,Heavy,,0.0,Clouds,299.61,4,1.0
08/01/2017 00:00,Tue,Heavy,,0.0,Clouds,300.33,3,1.0
08/02/2017 00:00,Wed,Heavy,,0.0,Clouds,300.46,1,1.0
08/03/2017 00:00,Thu,Heavy,,0.0,Clouds,299.55,5,1.0
08/04/2017 00:00,Fri,Heavy,,0.0,Thunderstorm,296.53,5,1.0
08/05/2017 00:00,Sat,Heavy,,0.0,Clouds,291.95,5,1.0
08/06/2017 00:00,Sun,Heavy,,0.0,Clouds,297.46,5,1.0
08/07/2017 00:00,Mon,Heavy,,0.0,Clouds,296.16,2,1.0
08/08/2017 00:00,Tue,Heavy,,0.0,Clouds,295.61,5,1.0
08/09/2017 00:00,Wed,Heavy,,0.0,Clouds,299.36,2,1.0
08/10/2017 00:00,Thu,Heavy,,0.0,Clouds,299.05,2,1.0
08/11/2017 00:00,Fri,Heavy,,0.0,Thunderstorm,299.15,2,1.0
08/12/2017 00:00,Sat,Heavy,,0.0,Clouds,295.95,2,1.0
08/13/2017 00:00,Sun,Heavy,,0.0,Clear,295.55,2,1.0
08/14/2017 00:00,Mon,Heavy,,0.0,Clear,295.85,2,1.0
08/15/2017 00:00,Tue,Heavy,,0.0,Clouds,299.66,3,1.0
08/16/2017 00:00,Wed,Heavy,,0.0,Clear,297.15,5,1.0
08/17/2017 00:00,Thu,Heavy,,0.0,Rain,298.33,3,1.0
08/18/2017 00:00,Fri,Heavy,,0.0,Clouds,299.75,7,1.0
08/19/2017 00:00,Sat,Heavy,,0.0,Clear,299.76,4,1.0
08/20/2017 00:00,Sun,Heavy,,0.0,Clear,299.76,3,1.0
08/21/2017 00:00,Mon,Heavy,,0.0,Clouds,300.24,2,1.0
08/22/2017 00:00,Tue,Heavy,,0.0,Thunderstorm,300.78,4,1.0
08/23/2017 00:00,Wed,Heavy,,0.0,Clear,297.6,5,1.0
08/24/2017 00:00,Thu,Heavy,,0.0,Clouds,295.43,4,1.0
08/25/2017 00:00,Fri,Heavy,,0.0,Clear,292.7,5,1.0
08/26/2017 00:00,Sat,Heavy,,0.0,Clear,294.56,3,1.0
08/27/2017 00:00,Sun,Heavy,,0.0,Rain,295.15,3,1.0
08/28/2017 00:00,Mon,Heavy,,0.0,Clouds,295.88,2,1.0
08/29/2017 00:00,Tue,Heavy,,0.0,Rain,293.15,1,1.0
08/30/2017 00:00,Wed,Heavy,,0.0,Clouds,295.16,3,1.0
08/31/2017 00:00,Thu,Heavy,,0.0,Clouds,297.89,2,1.0
09/01/2017 00:00,Fri,Heavy,,0.0,Haze,292.78,7,1.0
09/02/2017 00:00,Sat,Heavy,,0.0,Clouds,291.85,5,1.0
09/03/2017 00:00,Sun,Heavy,,0.0,Clouds,294.66,5,1.0
09/04/2017 00:00,Mon,Heavy,,0.0,Clear,299.26,2,1.0
09/05/2017 00:00,Tue,Heavy,,0.0,Haze,296.23,3,1.0
09/06/2017 00:00,Wed,Heavy,,0.0,Clouds,290.14,8,1.0
09/07/2017 00:00,Thu,Heavy,,0.0,Clouds,289.46,3,1.0
09/08/2017 00:00,Fri,Heavy,,0.0,Clouds,291.96,3,1.0
09/09/2017 00:00,Sat,Heavy,,0.0,Clouds,290.65,4,1.0
09/10/2017 00:00,Sun,Heavy,,0.0,Clear,292.8,6,1.0
09/11/2017 00:00,Mon,Heavy,,0.0,Clear,292.67,4,1.0
09/12/2017 00:00,Tue,Heavy,,0.0,Clouds,292.89,2,1.0
09/13/2017 00:00,Wed,Heavy,,0.0,Clouds,294.67,4,1.0
09/14/2017 00:00,Thu,Heavy,,0.0,Mist,293.25,2,1.0
09/15/2017 00:00,Fri,Heavy,,0.0,Clear,297.98,3,1.0
09/16/2017 00:00,Sat,Heavy,,0.0,Clear,301.27,2,1.0
09/17/2017 00:00,Sun,Heavy,,0.0,Clear,301.67,2,1.0
09/18/2017 00:00,Mon,Heavy,,0.0,Clouds,297.44,4,1.0
09/19/2017 00:00,Tue,Heavy,,0.0,Clouds,294.16,2,1.0
09/20/2017 00:00,Wed,Heavy,,0.0,Mist,295.88,3,1.0
09/21/2017 00:00,Thu,Heavy,,0.0,Clouds,304.26,3,1.0
09/22/2017 00:00,Fri,Heavy,,0.0,Clear,303.34,3,1.0
09/23/2017 00:00,Sat,Heavy,,0.0,Clear,304.53,2,1.0
09/24/2017 00:00,Sun,Heavy,,0.0,Clear,303.53,3,1.0
09/25/2017 00:00,Mon,Heavy,,0.0,Clouds,302.96,1,1.0
09/26/2017 00:00,Tue,Heavy,,0.0,Clear,302.46,1,1.0
09/27/2017 00:00,Wed,Heavy,,0.0,Rain,302.35,3,1.0
09/28/2017 00:00,Thu,Heavy,,0.0,Clouds,292.13,5,1.0
09/29/2017 00:00,Fri,Heavy,,0.0,Clear,293.35,2,1.0
09/30/2017 00:00,Sat,Heavy,,0.0,Clouds,290.24,6,1.0
10/01/2017 00:00,Sun,Heavy,,0.0,Clouds,289.79,6,1.0
10/02/2017 00:00,Mon,Heavy,,0.0,Clouds,292.34,2,1.0
10/03/2017 00:00,Tue,Heavy,,0.0,Clouds,299.07,4,1.0
10/04/2017 00:00,Wed,Heavy,,0.0,Clouds,297.62,5,1.0
10/05/2017 00:00,Thu,Heavy,,0.0,Clouds,293.08,2,1.0
10/06/2017 00:00,Fri,Heavy,,0.0,Clouds,294.16,2,1.0
10/07/2017 00:00,Sat,Heavy,,0.0,Rain,293.16,2,1.0
10/08/2017 00:00,Sun,Heavy,,0.0,Rain,289.96,5,1.0
10/09/2017 00:00,Mon,Heavy,,0.0,Clear,295.49,2,1.0
10/10/2017 00:00,Tue,Heavy,,0.0,Clouds,295.97,4,1.0
10/11/2017 00:00,Wed,Heavy,,0.0,Rain,287.86,6,1.0
10/12/2017 00:00,Thu,Heavy,,0.0,Rain,286.76,6,1.0
10/13/2017 00:00,Fri,Heavy,,0.0,Mist,288.49,2,1.0
10/14/2017 00:00,Sat,Heavy,,0.0,Clouds,294.75,2,1.0
10/15/2017 00:00,Sun,Heavy,,0.0,Rain,291.55,2,1.0
10/16/2017 00:00,Mon,Heavy,,0.0,Clouds,285.15,6,1.0
10/17/2017 00:00,Tue,Heavy,,0.0,Clear,286.73,1,1.0
10/18/2017 00:00,Wed,Heavy,,0.0,Clear,291.26,3,1.0
10/19/2017 00:00,Thu,Heavy,,0.0,Clear,292.65,3,1.0
10/20/2017 00:00,Fri,Heavy,,0.0,Clear,289.05,1,1.0
10/21/2017 00:00,Sat,Heavy,,0.0,Clouds,294.62,2,1.0
10/22/2017 00:00,Sun,Heavy,,0.0,Clear,296.37,4,1.0
10/23/2017 00:00,Mon,Heavy,,0.0,Rain,284.45,6,1.0
10/24/2017 00:00,Tue,Heavy,,0.0,Clouds,284.65,2,1.0
10/25/2017 00:00,Wed,Heavy,,0.0,Rain,280.79,4,1.0
10/26/2017 00:00,Thu,Heavy,,0.0,Clear,281.62,2,1.0
10/27/2017 00:00,Fri,Heavy,,0.0,Clear,287.15,4,1.0
10/28/2017 00:00,Sat,Heavy,,0.0,Clouds,277.6,5,1.0
10/29/2017 00:00,Sun,Heavy,,0.0,Clouds,277.15,4,1.0
10/30/2017 00:00,Mon,Heavy,,0.0,Clouds,278.97,2,1.0
10/31/2017 00:00,Tue,Heavy,,0.0,Clouds,278.51,9,1.0
11/01/2017 00:00,Wed,Heavy,,0.0,Clouds,276.15,2,1.0
11/02/2017 00:00,Thu,Heavy,,0.0,Rain,278.32,3,1.0
11/03/2017 00:00,Fri,Heavy,,0.0,Drizzle,282.68,4,1.0
11/04/2017 00:00,Sat,Heavy,,0.0,Clouds,280.69,3,1.0
11/05/2017 00:00,Sun,Heavy,,0.0,Drizzle,282.14,2,1.0
11/06/2017 00:00,Mon,Heavy,,0.0,Clouds,283.51,6,1.0
11/07/2017 00:00,Tue,Heavy,,0.0,Clouds,277.15,4,1.0
11/08/2017 00:00,Wed,Heavy,,0.0,Rain,277.94,4,1.0
11/09/2017 00:00,Thu,Heavy,,0.0,Clear,278.16,3,1.0
11/10/2017 00:00,Fri,Heavy,,0.0,Clear,274.13,5,1.0
11/11/2017 00:00,Sat,Heavy,,0.0,Clear,270.74,2,1.0
11/12/2017 00:00,Sun,Heavy,,0.0,Clouds,275.42,2,1.0
11/13/2017 00:00,Mon,Heavy,,0.0,Mist,276.33,2,1.0
11/14/2017 00:00,Tue,Heavy,,0.0,Mist,276.75,1,1.0
11/15/2017 00:00,Wed,Heavy,,0.0,Clouds,281.79,2,1.0
11/16/2017 00:00,Thu,Heavy,,0.0,Clear,281.61,2,1.0
11/17/2017 00:00,Fri,Heavy,,0.0,Clouds,275.96,2,1.0
11/18/2017 00:00,Sat,Heavy,,0.0,Thunderstorm,279.04,5,1.0
11/19/2017 00:00,Sun,Heavy,,0.0,Clouds,277.35,6,1.0
11/20/2017 00:00,Mon,Heavy,,0.0,Clouds,273.24,6,1.0
11/21/2017 00:00,Tue,Heavy,,0.0,Clouds,282.7,7,1.0
11/22/2017 00:00,Wed,Heavy,,0.0,Clouds,273.54,7,1.0
11/23/2017 00:00,Thu,Heavy,,0.0,Clouds,272.61,2,1.0
11/24/2017 00:00,Fri,Heavy,,0.0,Clear,277.61,4,1.0
11/25/2017 00:00,Sat,Heavy,,0.0,Clouds,286.98,6,1.0
11/26/2017 00:00,Sun,Heavy,,0.0,Clear,279.76,3,1.0
11/27/2017 00:00,Mon,Heavy,,0.0,Clouds,280.56,3,1.0
11/28/2017 00:00,Tue,Heavy,,0.0,Clouds,283.39,4,1.0
11/29/2017 00:00,Wed,Heavy,,0.0,Clouds,287.04,5,1.0
11/30/2017 00:00,Thu,Heavy,,0.0,Clear,278.46,5,1.0
12/01/2017 00:00,Fri,Heavy,,0.0,Clouds,281.25,5,1.0
12/02/2017 00:00,Sat,Heavy,,0.0,Clouds,279.07,2,1.0
12/03/2017 00:00,Sun,Heavy,,0.0,Haze,281.17,2,1.0
12/04/2017 00:00,Mon,Heavy,,0.0,Clouds,282.64,5,1.0
12/05/2017 00:00,Tue,Heavy,,0.0,Clouds,290.55,12,1.0
12/06/2017 00:00,Wed,Heavy,,0.0,Clear,272.06,7,1.0
12/07/2017 00:00,Thu,Heavy,,0.0,Clear,272.96,5,1.0
12/08/2017 00:00,Fri,Heavy,,0.0,Clear,269.54,6,1.0
12/09/2017 00:00,Sat,Heavy,,0.0,Clear,273.42,4,1.0
12/10/2017 00:00,Sun,Heavy,,0.0,Snow,270.65,5,1.0
12/11/2017 00:00,Mon,Heavy,,0.0,Clouds,272.64,4,1.0
12/12/2017 00:00,Tue,Heavy,,0.0,Snow,274.59,5,1.0
12/13/2017 00:00,Wed,Heavy,,0.0,Clouds,265.87,6,1.0
12/14/2017 00:00,Thu,Heavy,,0.0,Snow,274.25,10,1.0
12/15/2017 00:00,Fri,Heavy,,0.0,Clouds,268.23,3,1.0
12/16/2017 00:00,Sat,Heavy,,0.0,Snow,273.95,8,1.0
12/17/2017 00:00,Sun,Heavy,,0.0,Clear,276.61,2,1.0
12/18/2017 00:00,Mon,Heavy,,0.0,Mist,278.39,2,1.0
12/19/2017 00:00,Tue,Heavy,,0.0,Mist,277.43,3,1.0
12/20/2017 00:00,Wed,Heavy,,0.0,Clouds,279.15,5,1.0
12/21/2017 00:00,Thu,Heavy,,0.0,Clouds,272.42,3,1.0
12/22/2017 00:00,Fri,Heavy,,0.0,Clouds,277.05,3,1.0
12/23/2017 00:00,Sat,Heavy,,0.0,Haze,275.96,2,1.0
12/24/2017 00:00,Sun,Heavy,,0.0,Clear,269.42,3,1.0
12/25/2017 00:00,Mon,Heavy,,0.0,Snow,266.52,6,1.0
12/26/2017 00:00,Tue,Heavy,,0.0,Snow,261.24,5,1.0
12/27/2017 00:00,Wed,Heavy,,0.0,Clear,256.74,3,1.0
12/28/2017 00:00,Thu,Heavy,,0.0,Clouds,256.97,3,1.0
12/29/2017 00:00,Fri,Heavy,,0.0,Snow,261.75,3,1.0
12/30/2017 00:00,Sat,Heavy,,0.0,Snow,263.42,1,1.0
12/31/2017 00:00,Sun,Heavy,,0.0,Snow,256.15,2,1.0
01/01/2018 00:00,Mon,Heavy,,0.0,Clouds,260.55,4,1.0
01/02/2018 00:00,Tue,Heavy,,0.0,Clear,253.7,6,1.0
01/03/2018 00:00,Wed,Heavy,,0.0,Clear,256.52,4,1.0
01/04/2018 00:00,Thu,Heavy,,0.0,Clouds,262.51,5,1.0
01/05/2018 00:00,Fri,Heavy,,0.0,Clouds,259.56,5,1.0
01/06/2018 00:00,Sat,Heavy,,0.0,Clouds,259.45,5,2.0
01/07/2018 00:00,Sun,Heavy,,0.0,Clear,260.71,2,1.0
01/08/2018 00:00,Mon,Heavy,,0.0,Mist,272.15,5,1.0
01/09/2018 00:00,Tue,Heavy,,0.0,Mist,273.99,3,1.0
01/10/2018 00:00,Wed,Heavy,,0.0,Mist,272.79,3,2.0
01/11/2018 00:00,Thu,Heavy,,0.0,Mist,283.03,6,2.0
01/12/2018 00:00,Fri,Heavy,,0.0,Rain,281.46,8,2.0
01/13/2018 00:00,Sat,Heavy,,0.0,Snow,267.22,10,1.0
01/14/2018 00:00,Sun,Heavy,,0.0,Clear,262.42,1,2.0
01/15/2018 00:00,Mon,Heavy,,0.0,Snow,266.15,5,2.0
01/16/2018 00:00,Tue,Heavy,,0.0,Snow,262.85,7,1.0
01/17/2018 00:00,Wed,Heavy,,0.0,Snow,266.76,3,1.0
01/18/2018 00:00,Thu,Heavy,,0.0,Clouds,265.43,6,2.0
01/19/2018 00:00,Fri,Heavy,,0.0,Clear,272.15,7,2.0
01/20/2018 00:00,Sat,Heavy,,0.0,Haze,275.88,7,2.0
01/21/2018 00:00,Sun,Heavy,,0.0,Clouds,278.35,2,2.0
01/22/2018 00:00,Mon,Heavy,,0.0,Mist,279.65,2,2.0
01/23/2018 00:00,Tue,Heavy,,0.0,Thunderstorm,283.06,5,2.0
01/24/2018 00:00,Wed,Heavy,,0.0,Clouds,272.14,4,2.0
01/25/2018 00:00,Thu,Heavy,,0.0,Clouds,271.55,4,2.0
01/26/2018 00:00,Fri,Heavy,,0.0,Mist,277.15,2,2.0
01/27/2018 00:00,Sat,Heavy,,0.0,Clouds,283.41,6,2.0
01/28/2018 00:00,Sun,Heavy,,0.0,Clouds,279.64,4,2.0
01/29/2018 00:00,Mon,Heavy,,0.0,Snow,274.35,4,2.0
01/30/2018 00:00,Tue,Heavy,,0.0,Snow,268.59,6,2.0
01/31/2018 00:00,Wed,Heavy,,0.0,Clear,271.85,3,2.0
02/01/2018 00:00,Thu,Heavy,,0.0,Clear,277.42,2,2.0
02/02/2018 00:00,Fri,Heavy,,0.0,Clear,263.75,4,2.0
02/03/2018 00:00,Sat,Heavy,,0.0,Clear,265.76,2,2.0
02/04/2018 00:00,Sun,Heavy,,0.0,Clouds,276.85,11,2.0
02/05/2018 00:00,Mon,Heavy,,0.0,Snow,263.05,3,2.0
02/06/2018 00:00,Tue,Heavy,,0.0,Snow,261.15,4,2.0
02/07/2018 00:00,Wed,Heavy,,0.0,Haze,265.14,1,2.0
02/08/2018 00:00,Thu,Heavy,,0.0,Snow,264.25,4,2.0
02/09/2018 00:00,Fri,Heavy,,0.0,Snow,266.65,2,2.0
02/10/2018 00:00,Sat,Heavy,,0.0,Snow,269.13,6,2.0
02/11/2018 00:00,Sun,Heavy,,0.0,Clouds,267.21,5,2.0
02/12/2018 00:00,Mon,Heavy,,0.0,Clouds,266.06,5,2.0
02/13/2018 00:00,Tue,Heavy,,0.0,Clouds,267.15,4,2.0
02/14/2018 00:00,Wed,Heavy,,0.0,Haze,272.05,3,2.0
02/15/2018 00:00,Thu,Heavy,,0.0,Drizzle,277.24,3,2.0
02/16/2018 00:00,Fri,Heavy,,0.0,Mist,279.17,2,2.0
02/17/2018 00:00,Sat,Heavy,,0.0,Clear,271.42,2,2.0
02/18/2018 00:00,Sun,Heavy,,0.0,Snow,273.69,2,2.0
02/19/2018 00:00,Mon,Heavy,,0.0,Haze,275.75,5,2.0
02/20/2018 00:00,Tue,Heavy,,0.0,Rain,286.36,9,2.0
02/21/2018 00:00,Wed,Heavy,,0.0,Rain,283.79,3,2.0
02/22/2018 00:00,Thu,Heavy,,0.0,Clouds,272.41,6,2.0
02/23/2018 00:00,Fri,Heavy,,0.0,Clouds,278.41,4,2.0
02/24/2018 00:00,Sat,Heavy,,0.0,Clouds,276.65,5,2.0
02/25/2018 00:00,Sun,Heavy,,0.0,Drizzle,278.69,5,2.0
02/26/2018 00:00,Mon,Heavy,,0.0,Clouds,279.52,6,2.0
02/27/2018 00:00,Tue,Heavy,,0.0,Clear,283.96,3,2.0
02/28/2018 00:00,Wed,Heavy,,0.0,Clear,287.96,7,2.0
03/01/2018 00:00,Thu,Heavy,3.0833333333333335,0.0,Haze,278.51,4,2.0
03/02/2018 00:00,Fri,Heavy,,0.0,Clouds,278.43,4,2.0
03/03/2018 00:00,Sat,Heavy,,0.0,Clear,278.63,1,2.0
03/04/2018 00:00,Sun,Heavy,,0.0,Clear,277.36,3,2.0
03/05/2018 00:00,Mon,Heavy,,0.0,Clear,280.27,6,2.0
03/06/2018 00:00,Tue,Heavy,,0.0,Rain,276.65,8,2.0
03/07/2018 00:00,Wed,Heavy,,0.0,Snow,275.25,3,2.0
03/08/2018 00:00,Thu,Heavy,,0.0,Clouds,272.14,6,2.0
03/09/2018 00:00,Fri,Heavy,,0.0,Snow,272.97,5,2.0
03/10/2018 00:00,Sat,Heavy,,0.0,Clear,274.79,3,2.0
03/11/2018 00:00,Sun,Heavy,,0.0,Clear,275.8,3,2.0
03/12/2018 00:00,Mon,Heavy,,0.0,Clear,275.79,4,2.0
03/13/2018 00:00,Tue,Heavy,,0.0,Snow,277.61,4,2.0
03/14/2018 00:00,Wed,Heavy,2.733333333333333,0.0,Clouds,271.45,6,2.0
03/15/2018 00:00,Thu,Heavy,3.4583333333333335,0.0,Clear,281.43,5,2.0
03/16/2018 00:00,Fri,Heavy,2.9,0.0,Clear,276.75,4,2.0
03/17/2018 00:00,Sat,Heavy,3.466666666666667,0.0,Clear,274.34,4,2.0
03/18/2018 00:00,Sun,Heavy,3.0833333333333335,0.0,Clear,278.98,3,2.0
03/19/2018 00:00,Mon,Heavy,3.5,0.0,Clear,284.67,3,2.0
03/20/2018 00:00,Tue,Heavy,2.6333333333333333,0.0,Clear,276.85,8,2.0
03/21/2018 00:00,Wed,Heavy,2.533333333333333,0.0,Clear,274.36,8,2.0
03/22/2018 00:00,Thu,Heavy,3.0666666666666664,0.0,Clear,275.65,4,2.0
03/23/2018 00:00,Fri,Heavy,3.3000000000000003,0.0,Clear,280.26,2,2.0
03/24/2018 00:00,Sat,Heavy,3.3000000000000003,0.0,Clear,275.45,7,2.0
03/25/2018 00:00,Sun,Heavy,2.7083333333333335,0.0,Clear,277.35,3,2.0
03/26/2018 00:00,Mon,Heavy,2.8333333333333335,0.0,Clear,276.95,4,2.0
03/27/2018 00:00,Tue,Heavy,3.0,0.0,Drizzle,283.95,5,2.0
03/28/2018 00:00,Wed,Heavy,3.033333333333333,0.0,Mist,281.35,2,2.0
03/29/2018 00:00,Thu,Heavy,3.0833333333333335,0.0,Rain,282.86,2,2.0
03/30/2018 00:00,Fri,Heavy,3.3333333333333335,0.0,Mist,277.6,4,2.0
03/31/2018 00:00,Sat,Heavy,3.1666666666666665,0.0,Clouds,281.45,4,2.0
04/01/2018 00:00,Sun,Heavy,,0.0,Clouds,281.14,4,2.0
04/02/2018 00:00,Mon,Heavy,,0.0,,,,2.0
04/03/2018 00:00,Tue,Heavy,,0.0,,,,2.0
04/04/2018 00:00,Wed,Heavy,,0.0,,,,2.0
04/05/2018 00:00,Thu,Heavy,,0.0,,,,2.0
04/06/2018 00:00,Fri,Heavy,,0.0,,,,2.0
04/07/2018 00:00,Sat,Heavy,,0.0,,,,2.0
04/08/2018 00:00,Sun,Heavy,,0.0,,,,2.0
04/09/2018 00:00,Mon,Heavy,,0.0,,,,2.0
04/10/2018 00:00,Tue,Heavy,,0.0,,,,2.0
04/11/2018 00:00,Wed,Heavy,3.4,0.0,,,,2.0
04/12/2018 00:00,Thu,Heavy,3.466666666666667,0.0,,,,2.0
04/13/2018 00:00,Fri,Heavy,3.25,0.0,,,,2.0
04/14/2018 00:00,Sat,Heavy,3.3333333333333335,0.0,,,,2.0
04/15/2018 00:00,Sun,Heavy,2.033333333333333,0.0,,,,2.0
04/16/2018 00:00,Mon,Heavy,,0.0,,,,2.0
04/17/2018 00:00,Tue,Heavy,2.8000000000000003,0.0,,,,2.0
04/18/2018 00:00,Wed,Heavy,3.266666666666667,0.0,,,,2.0
04/19/2018 00:00,Thu,Heavy,2.8666666666666667,0.0,,,,2.0
04/20/2018 00:00,Fri,Heavy,3.466666666666667,0.0,,,,2.0
04/21/2018 00:00,Sat,Heavy,3.033333333333333,0.0,,,,2.0
04/22/2018 00:00,Sun,Heavy,2.966666666666667,0.0,,,,2.0
04/23/2018 00:00,Mon,Heavy,3.6333333333333333,0.0,,,,2.0
04/24/2018 00:00,Tue,Heavy,3.2083333333333335,0.0,,,,2.0
04/25/2018 00:00,Wed,Heavy,3.1,0.0,,,,2.0
04/26/2018 00:00,Thu,Heavy,3.4583333333333335,0.0,,,,2.0
04/27/2018 00:00,Fri,Heavy,2.8333333333333335,0.0,,,,2.0
04/28/2018 00:00,Sat,Heavy,1.9666666666666668,0.0,,,,2.0
04/29/2018 00:00,Sun,Heavy,3.1666666666666665,0.0,,,,2.0
04/30/2018 00:00,Mon,Heavy,2.5833333333333335,0.0,,,,2.0
